customer_id,total_spent,purchase_count,recency
1,1903.9735882944444,47,145
2,4756.035816729085,12,136
3,3673.3700119664554,62,3
4,3013.359496775331,80,144
5,822.2922701900608,88,30
6,822.172875664203,83,237
7,337.5138802325873,8,279
8,4337.571921585929,95,348
9,3025.5193081288835,21,115
10,3554.9592600904252,81,104
11,151.8932467642221,87,118
12,4851.053768201872,80,5
13,4170.591071962088,70,360
14,1101.078597857467,72,248
15,950.033587675148,25,364
16,957.8523237744974,82,321
17,1555.9991026497116,89,121
18,2647.5443365795772,12,286
19,2188.127842278473,15,149
20,1491.5842439803075,59,84
21,3078.6718288757784,26,231
22,740.494610227607,26,288
23,1496.11601024933,47,161
24,1863.4911243037739,32,272
25,2307.5464218743277,10,38
26,3936.621008895417,16,226
27,1038.3852216838807,71,142
28,2595.4604701473772,17,292
29,2982.45211586711,23,151
30,279.92954296398875,26,114
31,3057.34701691212,85,237
32,894.0944122520931,86,66
33,372.0053852771336,7,361
34,4746.983409404,14,341
35,4829.878563719069,79,258
36,4051.5668731764827,7,249
37,1557.838157408185,9,331
38,533.4769643316001,48,323
39,3436.9534812351767,72,180
40,2228.7548440110263,59,190
41,654.0892624816552,87,154
42,2501.1257050507875,93,196
43,220.22317952033106,82,311
44,4551.135990289971,95,262
45,1330.9609089200837,94,143
46,3329.4853075522105,39,342
47,1592.9698266425842,99,316
48,2624.3367048301634,18,101
49,2756.2158827492344,59,244
50,965.0295548513589,17,12
51,4849.443907434565,14,239
52,3886.907475637517,31,49
53,4700.519760742736,24,42
54,4479.3953846168615,99,166
55,3009.6048951148714,60,82
56,4613.2774633644285,45,291
57,488.0378851570015,98,158
58,1020.1151689747687,3,216
59,273.8750801071634,37,158
60,1660.3851372781585,43,134
61,1973.952583962936,40,67
62,1393.1777072807847,90,336
63,4152.25067030205,55,7
64,1815.928967133267,87,14
65,1440.6258229525347,39,73
66,2736.34561163333,15,163
67,747.574913625075,4,66
68,4020.875054732496,93,347
69,419.0256862148656,86,130
70,4935.0903361725605,25,206
71,3872.6116080184543,13,276
72,1033.6426235941535,82,256
73,77.33447976183187,33,266
74,4086.534070851429,16,25
75,3548.9438520457047,42,281
76,3658.585481802887,66,253
77,3867.7882160954314,55,310
78,416.5210260837473,99,289
79,1824.4053562941494,42,164
80,623.5518446493921,34,95
81,4322.361958084188,30,270
82,3135.3257277964117,13,321
83,1687.9452230206134,13,110
84,364.613833915817,18,336
85,1589.362492492528,32,310
86,1659.657444032398,96,238
87,3661.5505827734173,99,25
88,3205.909483208305,39,141
89,4441.703075752816,46,117
90,2387.463879551649,29,25
91,641.9915173945934,62,79
92,3580.5616967538253,93,68
93,3815.8859906536422,62,173
94,2828.3221279690065,57,12
95,3866.287540775077,16,288
96,2494.288202003734,56,128
97,2637.5275054408708,10,96
98,2166.3280408748205,30,92
99,175.8246773832712,25,141
100,584.062563616857,84,31
101,205.57446914933453,5,334
102,3200.231535755713,65,20
103,1606.062106327817,94,146
104,2567.4249212652785,49,316
105,4542.454045934161,3,160
106,1283.996534286931,45,349
107,2081.395469026367,14,43
108,3789.978135788091,30,254
109,1182.5509191835313,68,130
110,431.0505536525253,18,60
111,1484.2696919231516,62,151
112,848.0453719073219,37,287
113,4652.003379095737,25,5
114,4050.1958788438637,48,266
115,3185.3485947265963,65,345
116,4363.7299214292025,53,130
117,4028.1767806506164,79,267
118,973.5217914858774,73,178
119,4468.16704252539,15,253
120,2719.7440974824713,49,56
121,4046.8287680621097,88,83
122,4485.651934621292,68,99
123,1624.1172011107262,12,149
124,594.757026412,59,329
125,1178.2790545826113,37,156
126,2164.183553699969,61,190
127,4099.173091316341,43,263
128,4310.6163871189,70,80
129,84.41304612939399,39,252
130,2578.1991477589504,56,97
131,2116.184465586456,63,260
132,1149.4336618301147,46,260
133,643.3335683017299,88,103
134,1721.1950984479583,11,40
135,4717.40303436697,62,273
136,1649.8545135027384,77,101
137,2618.013577629662,98,359
138,3529.9438465311305,25,308
139,1849.9665317775052,71,221
140,4860.321309468755,52,308
141,4814.114109963451,4,124
142,1296.3223643355525,59,231
143,2511.3801041673078,72,178
144,1539.3476335930097,20,63
145,1459.9604471684647,93,116
146,232.59038940493733,63,191
147,3067.3434532004894,54,62
148,2538.2611649828646,74,256
149,304.8198186874473,98,7
150,1429.2999979712265,57,155
151,4545.916135534936,90,92
152,1235.8313588015135,41,14
153,767.2296168515543,3,229
154,2472.791163373937,6,86
155,4928.969747847474,5,133
156,1248.173593981927,5,183
157,3377.0709596590987,54,62
158,3820.017095877152,47,219
159,1226.3058427623785,87,246
160,3654.670925628705,49,230
161,1870.5265069603035,9,79
162,3179.913861438218,99,149
163,3185.972068266429,20,138
164,2702.0846861700543,61,314
165,496.9343617693211,35,65
166,4184.747353166728,50,13
167,1637.8613216100923,82,213
168,973.2666264792784,62,242
169,251.83695069608137,17,213
170,2974.920068781797,88,181
171,3403.943591119298,3,338
172,132.10975319288795,32,173
173,2584.860638581441,99,160
174,1171.1540872297928,13,164
175,3243.6053125267767,89,188
176,913.1138235747077,73,191
177,3470.1418036072064,68,308
178,1964.3399641876601,14,256
179,4686.813444246836,98,183
180,730.7286735226666,11,117
181,1738.2784376987797,56,282
182,611.6939301409159,67,196
183,4627.233410478886,92,34
184,4392.829799235856,29,52
185,1326.8110571900202,9,112
186,3316.921027869186,67,252
187,4095.249890996018,25,82
188,2798.2440174173385,98,232
189,2671.770362862232,76,227
190,1247.1688399572358,42,233
191,510.8587006392011,9,221
192,4491.218001868968,79,42
193,4507.069382958486,40,21
194,3183.8522135026765,25,42
195,1728.1974656910684,5,113
196,1778.5873943326715,11,105
197,3643.4806104076847,59,192
198,4490.695786765256,98,17
199,4441.077800112331,88,120
200,3910.383951995238,79,129
201,3228.0566484637243,38,130
202,466.49282672549174,72,60
203,850.0621347683382,5,48
204,4497.843233209042,48,29
205,3051.82384531497,90,97
206,95.52540550231676,18,10
207,552.284137186859,70,242
208,3334.333757084876,37,314
209,75.0548400387825,60,232
210,845.9998545166184,48,277
211,2766.232257364601,77,284
212,3474.8812285788317,28,203
213,3277.2082345378726,69,247
214,1160.1330818297708,77,290
215,3575.2871456703024,81,264
216,1224.3829831091603,40,214
217,1660.7285058883751,45,200
218,3745.1324553342197,96,79
219,3265.6828502837125,62,343
220,4253.655881946181,93,344
221,3305.1838168867,58,173
222,2863.1275865105845,67,69
223,513.6901007490578,56,87
224,1870.1932251441958,40,101
225,1362.7517200245409,98,8
226,1257.7487347264637,40,333
227,4866.402246024606,91,200
228,1995.833737100464,77,87
229,4465.630448126711,33,43
230,3174.1361986864513,6,109
231,3984.31595253116,88,152
232,2538.053610870701,19,17
233,2905.6742289004774,80,133
234,2487.9625844033762,40,148
235,1016.4527896003202,92,277
236,3626.1379705444515,97,232
237,1439.8231940822361,59,314
238,170.3640338356965,59,228
239,3245.0878647404807,48,139
240,926.6978630648923,41,211
241,4705.269992546926,13,28
242,4771.946456162807,45,51
243,4578.57873159122,89,261
244,1882.2855662644497,53,261
245,126.51025181789377,42,350
246,4645.176884809241,63,352
247,2169.511534170706,27,8
248,4834.941354266164,38,320
249,4819.918886591801,60,138
250,4272.396804563432,7,38
251,1507.5220157444492,5,111
252,1956.23375657953,45,220
253,4263.126524008441,58,337
254,1618.7639255235745,31,223
255,888.9890960961578,23,136
256,2806.1662491688335,42,256
257,4683.966132095866,10,360
258,3495.3474935411164,32,329
259,2871.8027919423566,53,49
260,531.0236441653042,30,292
261,3094.2857721608902,39,324
262,4950.766558016103,31,78
263,743.4158754207939,82,105
264,2615.731779200497,2,169
265,4392.996706043379,78,217
266,3716.804657883312,77,119
267,3500.2279179265765,93,190
268,3527.296215736191,12,255
269,1829.481198537788,39,266
270,1503.2796291092423,66,149
271,4056.3377196186425,96,164
272,4060.0613036619447,13,140
273,4342.007976971513,46,347
274,4570.540735154533,27,258
275,2581.144874361642,17,269
276,2532.505658701638,95,181
277,4001.561135885537,98,160
278,3267.3214573499376,60,351
279,3524.7360424256317,64,288
280,3989.1737137087002,88,288
281,4455.5264419969535,35,226
282,1723.0760264151022,70,11
283,1909.1356155677229,83,10
284,515.2106022123015,30,271
285,2912.4866979310614,71,273
286,227.91425529387334,74,183
287,2354.7101897556777,96,153
288,2736.0909418025044,98,315
289,1468.379198035008,63,334
290,2974.624639816603,28,124
291,200.97623719829468,60,114
292,234.87353430861137,79,278
293,4121.8727752653085,94,213
294,1832.9436749857514,37,172
295,678.9495376268296,93,288
296,2635.1041372712816,22,174
297,3861.4680878381237,68,113
298,1118.3140861093736,20,122
299,3133.3078553040514,96,32
300,472.4699517191516,68,222
301,305.8245197846081,91,119
302,2680.2054262623324,64,39
303,2726.1438519700273,17,268
304,3205.2780124161222,12,233
305,3644.1521019271745,22,18
306,4880.467793339546,17,149
307,2605.686724090917,10,149
308,1648.6345410591675,65,126
309,3986.171664105083,22,302
310,1390.6196437472674,90,360
311,2222.9085324928988,82,238
312,438.3590876442165,50,135
313,175.48617990651468,14,151
314,4815.109652655729,64,236
315,4188.101596535419,47,224
316,3495.072320163805,29,203
317,2074.317074850636,76,256
318,907.8068843506866,36,86
319,824.363361221876,99,150
320,1288.702345914747,52,235
321,2768.6719902952964,76,345
322,3587.2498173653084,7,22
323,3317.9770147527697,29,348
324,1435.672789882417,11,285
325,4776.58313928281,33,269
326,3702.589737644054,6,258
327,2794.0525599314333,79,29
328,3078.0176938600434,32,213
329,2127.02030901756,51,283
330,1276.2683980307295,75,50
331,1812.064759323745,58,95
332,3801.338246798627,87,88
333,121.24776871729155,26,44
334,624.5595705092354,98,278
335,277.71307800767613,46,171
336,251.60757147890217,98,189
337,4284.5298908544855,29,353
338,3533.1064039311173,4,184
339,2397.1604539822597,81,3
340,534.2790952224573,99,191
341,2483.4985818283203,13,118
342,2393.6852653638,39,19
343,907.3492560545751,15,23
344,2197.5656637279667,29,30
345,2022.5984352669984,29,295
346,3098.4579853584714,75,108
347,3193.7135717948368,32,281
348,274.25484837162037,2,128
349,1904.3324424010325,47,229
350,3148.00658278547,78,111
351,2540.524479971434,84,136
352,4289.6247138821955,22,362
353,3310.5334765137777,75,186
354,856.5254140530769,27,144
355,399.31529963212773,67,72
356,3229.9754271212623,81,129
357,181.23098718102798,56,364
358,2949.589127303643,92,261
359,4704.13969505354,93,3
360,2898.597180485601,21,104
361,1971.4411347222836,47,224
362,3234.2766812896484,80,320
363,2318.3518079330074,59,362
364,2750.803107113878,84,354
365,4710.2508034438,6,10
366,1961.2080571138326,19,302
367,4807.893290928376,57,231
368,4531.485677682515,69,219
369,1019.1661172070174,3,66
370,393.338439332069,1,112
371,548.851106818262,58,13
372,140.19803697517114,38,86
373,517.4926557418455,15,234
374,3430.8835284109664,34,90
375,402.3838098781335,61,314
376,1628.9293699541186,35,54
377,4232.1327892988,64,12
378,165.19608189233804,25,209
379,4081.618988815232,24,14
380,1445.1811351283297,12,121
381,634.9158967271985,18,20
382,3498.8489685525456,15,75
383,3163.267091560426,80,243
384,4393.486466958912,27,223
385,3688.6016668292345,72,70
386,4027.2306054050005,60,312
387,1446.0711342279671,46,211
388,928.325741709628,89,101
389,3765.5430206222486,17,186
390,4043.831959372957,93,132
391,4953.000452903333,53,111
392,2092.457500711561,8,132
393,1891.4895246742767,79,20
394,3893.2441556728845,27,24
395,1736.9775242524383,46,227
396,4657.2487617376455,50,154
397,4299.143121622908,71,293
398,2173.5204355063406,3,230
399,3766.811785567912,93,310
400,3784.9872267191777,64,359
401,560.4631507378664,44,202
402,4517.636888063855,53,38
403,2550.9992436168927,24,260
404,4140.964457233321,60,188
405,1634.245525101528,3,57
406,4482.839981056192,20,20
407,1976.5483097341073,46,273
408,103.64637482747688,15,119
409,4531.640783275355,25,71
410,501.8690500913611,94,4
411,1630.6025060725535,78,221
412,4752.806736901484,71,14
413,4755.505377340903,17,3
414,2888.517546210266,84,216
415,3177.5942002405063,9,229
416,2269.805333792683,38,336
417,1501.3933199054195,48,186
418,1676.889499581084,60,55
419,3378.96635758134,63,254
420,3774.253920716516,86,24
421,3968.31626644295,2,162
422,3958.6098068330416,88,158
423,501.4702100910173,72,82
424,2497.380508277778,11,159
425,334.9158620823892,64,188
426,2770.1679675024907,77,60
427,2235.575981798216,81,305
428,4444.135704653584,72,319
429,1787.0293121327895,21,211
430,629.4817313166491,18,152
431,757.8088261615375,94,109
432,3819.4776270014877,64,76
433,3110.179413415492,82,30
434,550.5572468078117,95,314
435,466.3286902692373,38,117
436,3519.797200722644,32,356
437,410.17688150275796,11,192
438,4118.207293487263,45,19
439,3545.899024424656,89,173
440,452.67646417740383,33,228
441,469.94668472169997,41,350
442,4933.865913580818,8,183
443,1902.6404389927957,11,113
444,1884.6786279811101,86,183
445,4073.3578579246378,51,146
446,4738.880458050101,88,319
447,4930.705265923211,41,116
448,3779.222017031761,17,113
449,1912.484948378033,76,251
450,463.3285476584104,46,251
451,3896.877233840812,32,303
452,2814.101036192235,79,313
453,2149.8989457725324,80,118
454,4536.454206218943,54,301
455,600.4275374154491,86,161
456,2488.494266239753,92,198
457,106.20054159872439,20,260
458,2369.870177870925,33,148
459,328.7012146250949,74,240
460,638.148685526956,40,47
461,631.7549215466692,32,198
462,3263.590995474515,97,47
463,3742.9221523638453,2,78
464,2937.67538723094,97,124
465,4812.7541149489825,33,75
466,1905.609368642335,77,359
467,1464.2748270952106,30,137
468,4349.565684537828,33,90
469,1156.7994006712906,77,325
470,4817.951570231026,26,61
471,110.1646497145909,22,138
472,4850.900192202813,66,50
473,263.6415641553518,38,259
474,4461.158412805452,90,107
475,2662.120489977184,46,113
476,4965.175740790537,15,350
477,415.2929954402244,98,254
478,2791.578707786538,44,118
479,4848.04755131454,49,198
480,2639.334328642237,75,337
481,3165.5232587695496,61,51
482,3493.956010473855,67,245
483,2299.9782706004776,6,35
484,3156.412496416114,9,302
485,2942.355844019346,6,69
486,4510.732151930395,73,349
487,274.95958269021645,95,320
488,1440.76778848154,32,49
489,4754.536846178966,41,74
490,4456.8057302600355,76,192
491,2305.500926289279,8,261
492,3119.656359117607,72,356
493,1423.0368557566067,50,70
494,981.1997406326185,92,90
495,2345.3071044529115,62,260
496,1799.0935287289615,84,126
497,2939.0977536618166,62,231
498,434.7864529766749,7,295
499,4873.254297947524,75,129
500,4931.743185174034,84,280
501,3505.9004843977386,80,313
502,2703.677013403396,4,100
503,1582.1617006173224,6,326
504,4078.2853475493957,58,297
505,3439.4193041417025,22,182
506,854.953849757212,26,174
507,4559.08956324452,3,316
508,4121.559352469687,41,364
509,4751.509570795024,60,188
510,3642.311566522382,14,57
511,3086.4052198821596,75,31
512,2120.303029638563,82,84
513,4667.005992602366,12,152
514,4337.016253027022,87,36
515,273.8324170256376,12,213
516,180.51652376139742,13,364
517,1913.4936660463454,25,106
518,4062.2389873700727,45,342
519,4937.016840108975,19,220
520,794.5636109624645,55,163
521,2990.947040993069,45,220
522,1935.4097403235564,8,270
523,4851.076269182286,93,120
524,4218.488669521758,53,336
525,4199.727088320133,55,182
526,2370.031140985103,32,106
527,2103.3565365714426,51,217
528,1403.365006056996,44,205
529,329.05870842208924,82,70
530,4330.375762462513,70,44
531,4073.859995193884,18,329
532,4998.602482766347,83,301
533,4983.352343515831,22,228
534,2799.386942733006,37,184
535,3856.487705143527,96,107
536,4726.590362918018,56,84
537,4255.754583853187,59,338
538,1274.3731036288284,3,250
539,2280.193469784963,28,363
540,689.3391049999002,74,21
541,4772.552584930676,35,196
542,3050.5644405318562,61,178
543,1181.7818872421406,93,7
544,3374.9183878089907,54,70
545,3109.7347902665842,63,127
546,1822.9054542625604,79,160
547,612.1100813881636,97,248
548,3374.287318184358,7,203
549,2625.5231194737767,76,148
550,3872.976039091415,49,143
551,2624.809330504367,94,199
552,4268.298426576774,85,154
553,2781.9388519337035,31,142
554,2826.642959100162,58,313
555,4389.435333158808,61,165
556,2047.2401877513653,24,314
557,713.3753808306716,20,21
558,192.47424775102792,37,82
559,3787.929415584414,4,69
560,3120.53227919965,92,131
561,3535.1948520911565,20,87
562,1104.172599469108,60,218
563,725.0388041545103,24,305
564,121.99609505601555,50,345
565,1785.408416092655,49,341
566,2970.092549930434,51,161
567,1991.608023243675,96,178
568,2215.5008640174588,36,117
569,4525.585537744055,98,196
570,1773.8645617653367,66,327
571,2594.2479713410635,79,86
572,3929.0824130686583,34,289
573,2012.8867724902873,36,81
574,3129.3291661279736,6,152
575,4318.700358296389,39,61
576,4750.127087105328,42,61
577,778.0137305987378,58,354
578,4636.608744549398,12,28
579,2485.975650743714,3,43
580,1328.3097220798438,18,169
581,2322.7219933793936,40,86
582,4901.161247663112,21,177
583,2488.4595652647045,15,17
584,1677.3204709231657,97,98
585,3185.3342288677927,99,198
586,1238.7208129520557,26,98
587,425.5234741378864,8,65
588,687.9546234577136,94,330
589,683.8269028409736,87,341
590,801.918332885857,42,5
591,737.1945046145802,44,2
592,3222.3299867759124,14,22
593,950.3064177757669,78,112
594,1761.053052453123,2,57
595,4489.102629034758,37,66
596,2396.110119301218,69,330
597,3354.4108056790847,38,98
598,902.9833624480677,41,144
599,1001.8306431029204,62,125
600,252.29965051907038,60,167
601,886.2285622072145,14,86
602,1429.022178208195,89,76
603,926.2018971698967,84,344
604,489.0775420974253,2,294
605,647.147561947974,70,59
606,2330.8549017619926,17,138
607,1071.351906108673,89,99
608,1853.1358121879734,28,192
609,2541.9154907315415,66,243
610,3467.454401715358,35,319
611,244.59509221343973,5,49
612,4007.081474599761,65,32
613,3158.1069279799935,40,277
614,454.70720814691595,76,20
615,4374.214189328547,56,154
616,4608.318382632475,36,68
617,352.33590128157556,45,214
618,1420.5443583286585,23,143
619,4040.6963349756534,47,232
620,3753.885467399109,31,213
621,963.3790458140678,11,79
622,1086.279150516716,10,214
623,1883.8369088173408,67,116
624,2448.3887766955554,14,92
625,3110.361119074965,80,270
626,1876.1225158703735,74,168
627,2339.5468448590823,93,58
628,3749.9811437620947,10,284
629,231.5818543084596,76,26
630,1299.5628745029028,94,66
631,3581.0804501285347,1,248
632,4481.273846551637,5,254
633,2582.8033384725472,20,44
634,2683.9617520633124,8,97
635,580.5014561318915,43,42
636,2264.6912157761003,76,227
637,2686.4554689523648,1,262
638,1250.2289929919118,57,167
639,1382.7539931994359,64,279
640,1917.5566073678822,84,89
641,149.35242899974554,28,178
642,1644.2918696367326,37,197
643,1096.667634632896,47,307
644,1671.1118932806776,76,267
645,642.8225525052935,37,268
646,4458.11003966248,49,74
647,2988.282645092541,44,8
648,3411.5564797652237,56,297
649,3956.3976311063248,28,164
650,2517.2888846988335,79,85
651,480.25542603274727,6,72
652,2708.6773820018116,61,55
653,2954.8635342033517,20,47
654,3739.9253972124334,78,238
655,2186.714753836913,2,104
656,681.5224988380406,73,210
657,1454.6907337036862,37,42
658,1847.2573671732437,20,316
659,3247.290344591426,26,268
660,2875.352608111114,29,263
661,1812.6787931943388,1,336
662,4933.25048152525,35,259
663,3048.5853558165913,70,283
664,1224.2726190931726,59,114
665,553.8232394709985,69,363
666,806.6527389624436,33,40
667,1267.4907555033153,51,220
668,845.3727976348006,78,129
669,973.5067690539636,12,8
670,1461.2210850345432,20,101
671,908.1992967090364,53,176
672,4488.988851900805,88,107
673,447.15704102512893,43,101
674,2646.331378372761,98,260
675,2081.4642935988245,89,246
676,4912.774153697602,50,275
677,604.5925657318592,29,32
678,2019.3852152764211,57,137
679,4848.878644713076,39,12
680,4334.260273175202,95,302
681,4094.5067511989355,56,16
682,1326.6189938724522,43,129
683,895.8935575808258,50,63
684,3359.7839386259334,23,109
685,4650.41114618155,44,21
686,2805.9763204189526,38,158
687,2879.482812876004,84,269
688,1435.8965136184067,23,162
689,3858.9900193000876,45,260
690,975.8665553597407,52,102
691,1652.2122202010062,80,223
692,2155.910371151263,50,59
693,2562.671374488052,8,247
694,1249.928175454647,85,128
695,618.4422824590575,1,283
696,3072.5692100860815,8,325
697,1478.721238539266,29,25
698,2927.1291960419308,96,131
699,814.0954406073014,5,353
700,2431.6435041813465,86,196
701,2686.31769113035,47,281
702,306.5265072710132,34,154
703,1716.191177059907,65,133
704,715.3526508479225,55,227
705,363.70610384020034,90,189
706,4950.303150330229,43,265
707,1645.6515326248787,74,134
708,4058.8785069804426,30,211
709,1310.471241080631,82,60
710,3423.43847500845,17,364
711,3813.1279064539485,26,364
712,2998.411766008829,8,213
713,2384.302133323284,47,216
714,2088.6125250289792,76,226
715,1776.8979193878267,91,131
716,4651.169264026738,72,76
717,4161.566068549259,89,286
718,4826.883207799237,46,277
719,665.2712562534464,68,156
720,3667.794002258039,33,248
721,4694.785261264137,1,218
722,947.1036775200178,19,190
723,379.1565234655486,31,163
724,3718.5472139857925,80,180
725,2893.641910240564,14,34
726,4217.052444953447,53,41
727,741.873264300133,48,307
728,3986.5731937064565,69,338
729,1048.0552342363353,90,314
730,860.0969171852373,62,75
731,863.1156997584151,92,279
732,4082.1448651453416,66,176
733,3342.7262424461906,64,150
734,2639.173852607141,70,273
735,1826.2108964113374,63,325
736,4392.142677024886,73,108
737,1992.603281742045,33,139
738,4092.1672253843067,41,350
739,2223.717797422581,89,271
740,1915.8749256532926,48,347
741,2340.264939064552,13,289
742,1541.8204771125033,73,212
743,3750.666431872443,77,272
744,2538.465930957772,31,66
745,1199.4528409767456,75,248
746,4502.894137709114,68,156
747,1950.2615457973966,98,47
748,2740.5866625142435,4,201
749,4537.036949274508,19,148
750,3139.978079774261,70,124
751,628.6453015064021,98,1
752,4702.169011886702,82,247
753,3157.1548627035186,13,343
754,1707.7827925525762,23,128
755,739.396759683767,83,191
756,3980.424686887965,75,67
757,3119.360141846142,1,4
758,2690.6324052827918,88,303
759,4474.76828610224,54,294
760,3953.556195561427,71,143
761,800.7906546771184,89,191
762,1593.0242355879636,85,21
763,1280.0212420816054,15,227
764,3732.5341482347512,65,313
765,215.98555194210795,76,117
766,2870.953940113017,71,302
767,3824.170494416418,15,142
768,4389.98990197066,21,39
769,1743.304656143742,19,355
770,4115.223658126464,60,252
771,597.6270979282758,93,333
772,4239.938844085865,89,207
773,681.068878543313,33,210
774,2016.572088273818,49,115
775,3996.61206060879,96,225
776,792.0912653764302,35,134
777,1184.7944064015753,44,251
778,3625.150213545678,90,219
779,3614.1808559030683,11,91
780,3223.6807827822217,99,354
781,3485.044800112145,72,46
782,2736.485994570601,78,38
783,1296.4053415894161,74,142
784,1761.1951678444013,66,100
785,948.9086981670571,46,328
786,4546.83027860146,9,190
787,2937.789384092296,3,35
788,2034.2145129800174,85,147
789,2336.928728038457,26,30
790,4739.052531078486,72,334
791,809.089445424597,48,84
792,2951.8376684831464,66,281
793,2554.148960478107,70,344
794,3076.698465401507,28,270
795,139.6454099131605,93,154
796,4367.0133492735495,26,102
797,4663.985498293881,25,215
798,2847.409258766584,12,150
799,3498.421578190617,5,83
800,4616.371936827613,98,110
801,3550.831239851323,48,275
802,805.0682624255936,37,201
803,2902.6273828257254,79,284
804,3053.239479595137,44,173
805,2149.4468229468107,15,327
806,3695.398966342378,43,206
807,4675.116723106624,48,63
808,4631.564138888542,87,73
809,2281.654888450454,70,251
810,610.5283269117385,46,124
811,4924.9639348635565,43,121
812,4202.545527907374,21,275
813,667.0802719561709,23,120
814,4608.167318955993,80,317
815,4355.986992207535,47,164
816,2618.248382774057,15,286
817,2976.8134069373996,25,265
818,2025.0633841571448,36,320
819,321.0701121690551,75,161
820,1709.2263461472096,51,308
821,4024.124570560157,15,89
822,72.92851387278415,68,142
823,1700.8208998711636,21,203
824,2020.9350332751694,13,309
825,2710.108234542718,86,227
826,4603.285301243164,19,334
827,1764.4126721115083,34,222
828,1767.418349386327,78,41
829,3700.6311781432546,68,196
830,2288.4788074045455,52,68
831,1161.7938735529108,27,264
832,2289.5756048568323,29,2
833,747.2422508800094,28,361
834,923.1155832058054,35,125
835,2516.920475060425,8,110
836,2123.680975047512,16,86
837,4578.487210287095,36,120
838,1843.849800627334,30,127
839,2923.912333876315,18,255
840,3179.7082252016753,2,183
841,114.8175601122515,49,16
842,3334.5099914827174,77,62
843,931.2780360052695,4,158
844,4807.298071473803,90,268
845,785.8805023779091,89,35
846,2102.3894124487674,94,267
847,472.4808569892871,75,64
848,4984.52754663744,7,50
849,2535.865301139651,95,255
850,2997.155835734217,74,149
851,382.02856307271605,39,325
852,3762.30432847593,13,304
853,1089.0326858231494,31,276
854,4495.368732731533,71,357
855,1065.4412203859356,63,172
856,993.9042172851496,56,201
857,230.92085584806966,42,324
858,2386.731378294496,61,35
859,2845.963609649951,42,216
860,375.2577651703442,56,65
861,3888.861702640302,36,8
862,2293.7797320027366,84,301
863,2645.731833171521,68,343
864,2231.7755973442295,7,332
865,2033.7771513328637,54,76
866,2820.2196399756785,1,174
867,818.4392173570269,44,47
868,950.5442459515921,45,15
869,4315.838824016911,47,361
870,4733.271537561482,13,147
871,1897.881115584777,22,26
872,1390.1861320605913,21,308
873,3237.797739033128,86,93
874,2073.234146935577,92,232
875,175.66246051870706,9,21
876,822.9553569626423,26,307
877,3594.0625327946177,9,38
878,3311.6735124552492,15,276
879,184.12516289224328,10,157
880,1148.7622015680997,88,179
881,1193.8202431109535,42,132
882,3375.8690808137058,72,311
883,147.56716188410257,24,348
884,565.3374808236405,80,28
885,4009.5846225972873,49,260
886,933.7960771689513,26,76
887,3281.09323386678,91,67
888,1229.0047661812962,37,342
889,542.2348941587586,68,194
890,1253.7023454472978,50,162
891,3625.2213126855127,24,347
892,4285.697517126115,19,361
893,4159.588329606609,60,257
894,2016.0584716113515,39,72
895,3357.0214260246985,74,87
896,1064.6722623083137,89,262
897,1501.0812647920156,18,214
898,4486.862301679543,19,153
899,114.35952137814337,36,210
900,473.267227729617,74,61
901,1079.0369629728352,97,268
902,181.3344091754076,55,262
903,948.1054036944967,69,218
904,2936.055726799976,47,283
905,2136.0515254328648,49,136
906,4468.724969831025,99,362
907,4096.345630605283,98,93
908,1741.995890904486,33,109
909,1334.1459954848979,21,241
910,1929.477420427971,81,355
911,2971.959965448298,22,142
912,1376.9150220732374,48,291
913,3139.5370938532133,37,237
914,2076.58767834664,15,340
915,2782.633545217302,35,312
916,2208.8263192198174,92,177
917,1507.6055097324925,71,141
918,4744.843869462676,32,189
919,3829.848681090816,11,49
920,743.5602200439401,10,302
921,4348.916480694668,73,190
922,2462.7844313350924,78,136
923,4478.033523125752,77,43
924,4009.28351693921,57,353
925,2154.8068471227057,25,90
926,161.22307618458112,2,295
927,1379.952928955483,64,341
928,2731.089362571291,35,245
929,3185.717188139429,7,192
930,1326.5440428943514,85,318
931,739.8125666604794,18,106
932,4182.904672156531,67,363
933,4922.790794482583,42,310
934,2652.166402398295,39,233
935,899.8124649491023,41,265
936,1397.9212662708762,75,344
937,141.03384890996034,24,37
938,4575.77909247447,60,305
939,632.8678603061986,46,41
940,2903.756553795555,19,17
941,1406.5733424016696,68,344
942,2793.1811124531773,90,277
943,3274.530922341728,42,307
944,4157.221928350648,32,59
945,1071.785295214986,39,183
946,104.42935185947837,36,41
947,727.583868840596,97,39
948,4505.09227714812,36,192
949,4375.75588393445,3,267
950,3007.194855743026,73,147
951,3022.558459146584,8,333
952,3341.9315390039646,97,127
953,918.0878291860755,70,46
954,4576.3391323285505,41,45
955,2122.914098215762,68,1
956,1946.5357148350124,13,168
957,2618.6426411500456,49,108
958,282.4815355365225,60,19
959,873.1026753425931,2,332
960,3703.2664013105336,60,72
961,459.853406229376,5,109
962,3035.6029418586218,44,268
963,1264.4780929225387,27,240
964,1977.0132895077838,32,301
965,1479.0339970149644,21,90
966,1810.5799465014982,8,103
967,3609.277230662015,72,250
968,1520.7524923347164,50,8
969,2853.702969469641,67,153
970,2406.449490885543,44,347
971,3335.172268545108,58,174
972,4687.307209657552,3,343
973,3676.231881190739,86,158
974,1113.954874024246,70,215
975,204.35651855335914,2,177
976,1348.207019284134,87,175
977,2995.6357569662614,44,340
978,304.5577767470392,2,338
979,2507.01292364612,81,146
980,3004.372102138602,35,324
981,1704.507259543956,98,161
982,3866.0154085418185,87,127
983,577.6613530121705,30,82
984,421.93201959225337,8,147
985,3654.5343432078366,22,239
986,2502.6820152206824,44,84
987,3457.5918623172934,58,113
988,2202.3953260885437,36,225
989,1269.6900645335786,69,332
990,4104.556472487289,77,243
991,4007.108600896447,93,143
992,3488.7475307294126,31,41
993,1397.1184292883154,47,258
994,2971.641801001981,55,285
995,1836.8207898531327,80,105
996,503.33126296683906,62,202
997,4590.702198538102,30,307
998,727.2522230488589,55,331
999,4753.674901412972,16,266
1000,2257.7285761418807,12,210
