customer_id,norm_total_spent,norm_purchase_count,norm_recency,cluster
1,0.3717349312977289,0.46938775510204084,0.39669421487603307,4
2,0.9507546241247166,0.11224489795918367,0.371900826446281,3
3,0.7309540827978158,0.6224489795918368,0.005509641873278237,1
4,0.5969601320493093,0.8061224489795918,0.3939393939393939,2
5,0.15213425838771127,0.8877551020408163,0.07988980716253444,2
6,0.1521100191614426,0.8367346938775511,0.650137741046832,2
7,0.053715566241432755,0.07142857142857142,0.7658402203856749,4
8,0.8657989616537891,0.9591836734693877,0.9559228650137741,1
9,0.5994287914511178,0.20408163265306123,0.3140495867768595,3
10,0.7069145802599267,0.8163265306122449,0.2837465564738292,1
11,0.0160312544821507,0.8775510204081632,0.32231404958677684,2
12,0.9700449693795673,0.8061224489795918,0.011019283746556474,1
13,0.8318988597228953,0.7040816326530612,0.9889807162534435,1
14,0.20873287401432145,0.7244897959183674,0.6804407713498623,2
15,0.17806803278930475,0.24489795918367346,1.0,4
16,0.17965537619626307,0.826530612244898,0.8815426997245179,2
17,0.3010898809265008,0.8979591836734694,0.3305785123966942,2
18,0.5226931053427232,0.11224489795918367,0.7851239669421488,3
19,0.4294233320685694,0.14285714285714285,0.40771349862258954,4
20,0.288012511397743,0.5918367346938775,0.22865013774104684,2
21,0.6102197047520309,0.25510204081632654,0.6336088154269972,3
22,0.13552786899226624,0.25510204081632654,0.790633608815427,4
23,0.28893254108254174,0.46938775510204084,0.44077134986225897,4
24,0.36351626635028733,0.3163265306122449,0.7465564738292011,4
25,0.4536674416767171,0.09183673469387756,0.10192837465564739,4
26,0.784398748155579,0.15306122448979592,0.6198347107438017,3
27,0.1960049962519066,0.7142857142857143,0.3884297520661157,2
28,0.5121191479998056,0.16326530612244897,0.8016528925619835,3
29,0.5906853803902661,0.22448979591836735,0.4132231404958678,3
30,0.04202491484382644,0.25510204081632654,0.31129476584022037,4
31,0.6058903861454142,0.8571428571428571,0.650137741046832,1
32,0.16671137869966748,0.8673469387755102,0.1790633608815427,2
33,0.06071795926670519,0.061224489795918366,0.9917355371900827,4
34,0.9489168233725246,0.1326530612244898,0.9366391184573003,3
35,0.965746023769986,0.7959183673469388,0.7079889807162535,1
36,0.8077348164798259,0.061224489795918366,0.6831955922865014,3
37,0.30146324196705837,0.08163265306122448,0.9090909090909091,4
38,0.09349958063957435,0.47959183673469385,0.8870523415977961,4
39,0.6829572944954864,0.7244897959183674,0.4931129476584022,1
40,0.43767134076527153,0.5918367346938775,0.5206611570247934,1
41,0.11798603648536143,0.8775510204081632,0.4214876033057851,2
42,0.4929675018104052,0.9387755102040817,0.5371900826446281,2
43,0.029903454142059905,0.826530612244898,0.8539944903581267,2
44,0.9091562910370844,0.9591836734693877,0.71900826446281,1
45,0.2554030987418127,0.9489795918367347,0.39118457300275483,2
46,0.6611393312357081,0.3877551020408163,0.9393939393939394,3
47,0.30859559978372697,1.0,0.8677685950413223,2
48,0.5179815406114857,0.17346938775510204,0.27548209366391185,3
49,0.544755374761271,0.5918367346938775,0.6694214876033058,1
50,0.18111248259879537,0.16326530612244897,0.030303030303030304,4
51,0.969718138822475,0.1326530612244898,0.6556473829201102,3
52,0.7743060108831064,0.30612244897959184,0.1322314049586777,3
53,0.9394838708558356,0.23469387755102042,0.11294765840220386,3
54,0.8945916637137652,1.0,0.45454545454545453,1
55,0.5961978806936227,0.6020408163265306,0.2231404958677686,1
56,0.921772122589658,0.4489795918367347,0.7988980716253443,3
57,0.08427463407154044,0.9897959183673469,0.4325068870523416,2
58,0.19229584846330133,0.02040816326530612,0.5922865013774105,4
59,0.04079575049087489,0.3673469387755102,0.4325068870523416,4
60,0.32228211477869273,0.42857142857142855,0.36639118457300274,4
61,0.38594192025201624,0.3979591836734694,0.18181818181818182,4
62,0.26803422267604193,0.9081632653061225,0.9228650137741047,2
63,0.8281754298377952,0.5510204081632653,0.01652892561983471,1
64,0.35386029693963017,0.8775510204081632,0.03581267217630854,2
65,0.27766703962076716,0.3877551020408163,0.19834710743801653,4
66,0.5407213539873854,0.14285714285714285,0.4462809917355372,3
67,0.13696529734058593,0.030612244897959183,0.1790633608815427,4
68,0.801503827860236,0.9387755102040817,0.953168044077135,1
69,0.0702639221612599,0.8673469387755102,0.35537190082644626,2
70,0.987105897183842,0.24489795918367346,0.5647382920110193,3
71,0.7714036938175954,0.12244897959183673,0.7575757575757576,3
72,0.19504216393298382,0.826530612244898,0.7024793388429752,2
73,0.0008944899554603322,0.32653061224489793,0.7300275482093664,4
74,0.8148337836253923,0.15306122448979592,0.06611570247933884,3
75,0.7056933447330307,0.41836734693877553,0.7713498622589532,3
76,0.7279525584872473,0.6632653061224489,0.6942148760330579,1
77,0.7704244589040622,0.5510204081632653,0.8512396694214877,1
78,0.06975543131372601,1.0,0.7933884297520661,2
79,0.35558115569203885,0.41836734693877553,0.4490358126721763,4
80,0.11178639395418462,0.336734693877551,0.25895316804407714,4
81,0.8627110667590406,0.29591836734693877,0.7410468319559229,3
82,0.6217214605073675,0.12244897959183673,0.8815426997245179,3
83,0.3278773055924781,0.12244897959183673,0.3002754820936639,4
84,0.059217342009453604,0.17346938775510204,0.9228650137741047,4
85,0.30786324636918166,0.3163265306122449,0.8512396694214877,4
86,0.3221343800219151,0.9693877551020408,0.6528925619834711,2
87,0.7285545270684516,1.0,0.06611570247933884,1
88,0.6360512265165759,0.3877551020408163,0.3856749311294766,3
89,0.886939450209161,0.45918367346938777,0.31955922865013775,1
90,0.4698921163470287,0.2857142857142857,0.06611570247933884,4
91,0.11552997764682259,0.6224489795918368,0.21487603305785125,2
92,0.7121123332628831,0.9387755102040817,0.18457300275482094,1
93,0.7598873779341155,0.6224489795918368,0.4738292011019284,1
94,0.5593942334586056,0.5714285714285714,0.030303030303030304,1
95,0.770119794947448,0.15306122448979592,0.790633608815427,3
96,0.49157936628007304,0.5612244897959183,0.349862258953168,2
97,0.5206595092902918,0.09183673469387756,0.26170798898071623,3
98,0.42499758210190053,0.29591836734693877,0.25068870523415976,4
99,0.02088976334209149,0.24489795918367346,0.3856749311294766,4
100,0.10376936292819379,0.8469387755102041,0.08264462809917356,2
101,0.026929503680964532,0.04081632653061224,0.9173553719008265,4
102,0.6348985015314369,0.6530612244897959,0.05234159779614325,1
103,0.3112535669508421,0.9489795918367347,0.39944903581267216,2
104,0.5064274296564586,0.4897959183673469,0.8677685950413223,3
105,0.9073937009000517,0.02040816326530612,0.4380165289256198,3
106,0.24586848988833598,0.4489795918367347,0.9586776859504132,4
107,0.4077547494692869,0.1326530612244898,0.11570247933884298,4
108,0.7546276195682222,0.29591836734693877,0.696969696969697,3
109,0.22527321384204357,0.6836734693877551,0.35537190082644626,2
110,0.07270518553224196,0.17346938775510204,0.162534435261708,4
111,0.2865275263777542,0.6224489795918368,0.4132231404958678,2
112,0.15736259909395697,0.3673469387755102,0.7878787878787878,4
113,0.9296341767929748,0.24489795918367346,0.011019283746556474,3
114,0.8074564800854003,0.47959183673469385,0.7300275482093664,3
115,0.6318769980533129,0.6530612244897959,0.9476584022038568,1
116,0.8711095039285043,0.5306122448979592,0.35537190082644626,1
117,0.8029862089443742,0.7959183673469388,0.7327823691460055,1
118,0.18283655867206947,0.7346938775510204,0.48760330578512395,2
119,0.8923121092482483,0.14285714285714285,0.6942148760330579,3
120,0.5373509493979425,0.4897959183673469,0.15151515151515152,1
121,0.8067728963153379,0.8877551020408163,0.22589531680440772,1
122,0.8958618553756456,0.6836734693877551,0.2699724517906336,1
123,0.3149190744320376,0.11224489795918367,0.40771349862258954,4
124,0.10594053033851777,0.5918367346938775,0.9035812672176309,4
125,0.22440594884888782,0.3673469387755102,0.42699724517906334,4
126,0.42456221281266326,0.6122448979591837,0.5206611570247934,1
127,0.8173997310560849,0.42857142857142855,0.721763085399449,3
128,0.8603265055721933,0.7040816326530612,0.21763085399449036,1
129,0.002331565655611098,0.3877551020408163,0.6914600550964187,4
130,0.5086147905255931,0.5612244897959183,0.2644628099173554,1
131,0.41481753859820353,0.6326530612244898,0.7134986225895317,1
132,0.2185498177012195,0.45918367346938777,0.7134986225895317,4
133,0.11580243800770147,0.8877551020408163,0.2809917355371901,2
134,0.3346276255765703,0.10204081632653061,0.10743801652892562,4
135,0.9429114776627123,0.6224489795918368,0.7493112947658402,1
136,0.3201442096225816,0.7755102040816326,0.27548209366391185,2
137,0.5166978325868716,0.9897959183673469,0.9862258953168044,2
138,0.7018360034565754,0.24489795918367346,0.8457300275482094,3
139,0.3607705319367474,0.7142857142857143,0.6060606060606061,2
140,0.9719264461734861,0.5204081632653061,0.8457300275482094,1
141,0.9625455574266647,0.030612244897959183,0.33884297520661155,3
142,0.2483708540574753,0.5918367346938775,0.6336088154269972,4
143,0.4950493284155112,0.7244897959183674,0.48760330578512395,1
144,0.2977093345968292,0.19387755102040816,0.17079889807162535,4
145,0.28159231448427446,0.9387755102040817,0.3168044077134986,2
146,0.032414219158727116,0.6326530612244898,0.5234159779614325,4
147,0.6079198416780983,0.5408163265306123,0.16804407713498623,1
148,0.5005066650125566,0.7448979591836735,0.7024793388429752,1
149,0.047078086426161105,0.9897959183673469,0.01652892561983471,2
150,0.2753676943833778,0.5714285714285714,0.42424242424242425,2
151,0.9080965670707808,0.9081632653061225,0.25068870523415976,1
152,0.23609009696391825,0.40816326530612246,0.03581267217630854,4
153,0.1409555539736075,0.02040816326530612,0.628099173553719,4
154,0.4872150825768571,0.05102040816326531,0.23415977961432508,3
155,0.9858633081769893,0.04081632653061224,0.36363636363636365,3
156,0.23859579166851233,0.04081632653061224,0.5013774104683195,4
157,0.6708000705390804,0.5408163265306123,0.16804407713498623,1
158,0.7607260662536427,0.46938775510204084,0.6005509641873278,3
159,0.23415624667271134,0.8775510204081632,0.6749311294765841,2
160,0.7271578335016101,0.4897959183673469,0.6308539944903582,3
161,0.3649445749839808,0.08163265306122448,0.21487603305785125,4
162,0.6307736498977713,1.0,0.40771349862258954,1
163,0.6320035743439424,0.19387755102040816,0.3774104683195592,3
164,0.5337657727451759,0.6122448979591837,0.8622589531680441,1
165,0.08608077809741432,0.3469387755102041,0.1763085399449036,4
166,0.8347728382472639,0.5,0.03305785123966942,1
167,0.3177093769543244,0.826530612244898,0.5840220385674931,2
168,0.18278475560751214,0.6224489795918368,0.6639118457300276,4
169,0.03632161567191277,0.16326530612244897,0.5840220385674931,4
170,0.589156239985749,0.8877551020408163,0.49586776859504134,1
171,0.6762556958260776,0.02040816326530612,0.928374655647383,3
172,0.012014851103390725,0.3163265306122449,0.4738292011019284,4
173,0.5099671924231931,1.0,0.4380165289256198,2
174,0.22295945291801342,0.12244897959183673,0.4490358126721763,4
175,0.6437041547364554,0.8979591836734694,0.5151515151515151,1
176,0.17057265970257696,0.7346938775510204,0.5234159779614325,2
177,0.6896951181073656,0.6836734693877551,0.8457300275482094,1
178,0.383990386342955,0.1326530612244898,0.7024793388429752,3
179,0.9367012432230574,0.9897959183673469,0.5013774104683195,1
180,0.13354520900165096,0.10204081632653061,0.31955922865013775,4
181,0.3380958492874178,0.5612244897959183,0.7741046831955923,4
182,0.10937902501678419,0.673469387755102,0.5371900826446281,2
183,0.924605429707139,0.9285714285714286,0.09090909090909091,1
184,0.877017300098211,0.2857142857142857,0.14049586776859505,3
185,0.2545606045458366,0.08163265306122448,0.30578512396694213,4
186,0.6585885575218224,0.673469387755102,0.6914600550964187,1
187,0.8166032511540251,0.24489795918367346,0.2231404958677686,3
188,0.5532878385283654,0.9897959183673469,0.6363636363636364,1
189,0.5276114223965206,0.7653061224489796,0.6225895316804407,1
190,0.23839180861339412,0.41836734693877553,0.6391184573002755,4
191,0.08890766817536397,0.08163265306122448,0.6060606060606061,4
192,0.896991866676196,0.7959183673469388,0.11294765840220386,1
193,0.9002099808245587,0.3979591836734694,0.05509641873278237,1
194,0.6315732058751522,0.24489795918367346,0.11294765840220386,3
195,0.3360492314902648,0.04081632653061224,0.3085399449035813,4
196,0.34627928913513206,0.10204081632653061,0.2865013774104683,4
197,0.7248859991715897,0.5918367346938775,0.5261707988980716,1
198,0.8968858476609282,0.9897959183673469,0.0440771349862259,1
199,0.8868125080598358,0.8877551020408163,0.3278236914600551,1
200,0.7790721558829539,0.7959183673469388,0.3526170798898072,1
201,0.6405474975640065,0.37755102040816324,0.35537190082644626,3
202,0.07990060148887859,0.7244897959183674,0.162534435261708,2
203,0.15777203806083795,0.04081632653061224,0.12947658402203857,4
204,0.8983369072497123,0.47959183673469385,0.07713498622589532,1
205,0.6047690834298813,0.9081632653061225,0.2644628099173554,2
206,0.004587573552824583,0.17346938775510204,0.024793388429752067,4
207,0.0973177734339065,0.7040816326530612,0.6639118457300276,2
208,0.6621236532926051,0.3673469387755102,0.8622589531680441,3
209,0.0004316822793035933,0.6020408163265306,0.6363636363636364,4
210,0.1569473224427573,0.47959183673469385,0.7603305785123967,4
211,0.5467888781312914,0.7755102040816326,0.7796143250688705,1
212,0.6906573062265055,0.2755102040816326,0.5564738292011019,3
213,0.6505261494976401,0.6938775510204082,0.6776859504132231,1
214,0.22072199151280847,0.7755102040816326,0.7961432506887053,2
215,0.7110415049626683,0.8163265306122449,0.7245179063360881,1
216,0.23376587173816205,0.3979591836734694,0.5867768595041323,4
217,0.3223518247538931,0.4489795918367347,0.5482093663911846,4
218,0.7455231435641101,0.9693877551020408,0.21487603305785125,1
219,0.6481862901551533,0.6224489795918368,0.9421487603305785,1
220,0.8487625032585131,0.9387755102040817,0.9449035812672176,1
221,0.6562056935611525,0.5816326530612245,0.4738292011019284,1
222,0.5664603646644832,0.673469387755102,0.18732782369146006,1
223,0.08948249308820584,0.5612244897959183,0.2369146005509642,2
224,0.36487691280856843,0.3979591836734694,0.27548209366391185,4
225,0.261857202546738,0.9897959183673469,0.01928374655647383,2
226,0.2405397166633466,0.3979591836734694,0.9146005509641874,4
227,0.9731609851612983,0.9183673469387755,0.5482093663911846,1
228,0.3903841860771015,0.7755102040816326,0.2369146005509642,2
229,0.8917971351726804,0.32653061224489793,0.11570247933884298,3
230,0.6296006809216975,0.05102040816326531,0.2975206611570248,3
231,0.7940816755959544,0.8877551020408163,0.41597796143250687,1
232,0.5004645278119472,0.1836734693877551,0.0440771349862259,3
233,0.5750980947819416,0.8061224489795918,0.36363636363636365,2
234,0.49029515265970236,0.3979591836734694,0.4049586776859504,4
235,0.19155231988273,0.9285714285714286,0.7603305785123967,2
236,0.7213651327941651,0.9795918367346939,0.6363636363636364,1
237,0.27750409159063616,0.5918367346938775,0.8622589531680441,4
238,0.01978115494006172,0.5918367346938775,0.6253443526170799,4
239,0.6440051393779617,0.47959183673469385,0.38016528925619836,1
240,0.1733304629140705,0.40816326530612246,0.5785123966942148,4
241,0.9404482529554606,0.12244897959183673,0.0743801652892562,3
242,0.9539847687778547,0.4489795918367347,0.13774104683195593,1
243,0.914727658828488,0.8979591836734694,0.7162534435261708,1
244,0.3673318745450981,0.5306122448979592,0.7162534435261708,4
245,0.010878052076423866,0.41836734693877553,0.9614325068870524,4
246,0.9282482762381257,0.6326530612244898,0.9669421487603306,1
247,0.4256438882350287,0.2653061224489796,0.01928374655647383,4
248,0.9667738608901583,0.37755102040816324,0.8787878787878788,3
249,0.9637240310051047,0.6020408163265306,0.3774104683195592,1
250,0.852567246068452,0.061224489795918366,0.10192837465564739,3
251,0.291248164399706,0.04081632653061224,0.30303030303030304,4
252,0.38234468107311337,0.4489795918367347,0.6033057851239669,4
253,0.850685213150006,0.5816326530612245,0.9256198347107438,1
254,0.31383226364818173,0.30612244897959184,0.6115702479338843,4
255,0.1656749081195649,0.22448979591836735,0.371900826446281,4
256,0.5548961934055913,0.41836734693877553,0.7024793388429752,3
257,0.9361231878809961,0.09183673469387756,0.9889807162534435,3
258,0.6948123244212808,0.3163265306122449,0.9035812672176309,3
259,0.5682215866792892,0.5306122448979592,0.1322314049586777,1
260,0.09300151272403852,0.29591836734693877,0.8016528925619835,4
261,0.6133896147752513,0.3877551020408163,0.8898071625344353,3
262,0.9902884508693964,0.30612244897959184,0.21212121212121213,3
263,0.13612093812587822,0.826530612244898,0.2865013774104683,2
264,0.5162345866547261,0.01020408163265306,0.4628099173553719,3
265,0.8770511851682697,0.7857142857142857,0.5950413223140496,1
266,0.7397720935291702,0.7755102040816326,0.325068870523416,1
267,0.6958031379457408,0.9387755102040817,0.5206611570247934,1
268,0.7012984870046828,0.11224489795918367,0.699724517906336,3
269,0.35661164254027394,0.3877551020408163,0.7300275482093664,4
270,0.29038688396133394,0.6632653061224489,0.40771349862258954,2
271,0.8087033837200227,0.9693877551020408,0.4490358126721763,1
272,0.8094593379441182,0.12244897959183673,0.38292011019283745,3
273,0.8666995603157384,0.45918367346938777,0.953168044077135,3
274,0.9130958016476334,0.2653061224489796,0.7079889807162535,3
275,0.509212825763267,0.16326530612244897,0.7382920110192838,3
276,0.49933819419666947,0.9591836734693877,0.49586776859504134,2
277,0.797582756557318,0.9897959183673469,0.4380165289256198,1
278,0.6485189567255705,0.6020408163265306,0.9641873278236914,1
279,0.7007787259878703,0.6428571428571429,0.790633608815427,1
280,0.7950678880834673,0.8877551020408163,0.790633608815427,1
281,0.8897458410363722,0.3469387755102041,0.6198347107438017,3
282,0.3350094876281438,0.7040816326530612,0.027548209366391185,2
283,0.37278291524995094,0.8367346938775511,0.024793388429752067,2
284,0.08979118210677384,0.29591836734693877,0.743801652892562,4
285,0.5764811479587467,0.7142857142857143,0.7493112947658402,1
286,0.03146488021737725,0.7448979591836735,0.5013774104683195,2
287,0.46324253092931406,0.9693877551020408,0.418732782369146,2
288,0.5406696514523752,0.9897959183673469,0.8650137741046832,1
289,0.28330147163103425,0.6326530612244898,0.9173553719008265,2
290,0.5890962626167515,0.2755102040816326,0.33884297520661155,3
291,0.02599598027278152,0.6020408163265306,0.31129476584022037,2
292,0.032877738449303896,0.7959183673469388,0.7630853994490359,2
293,0.8220081732900452,0.9489795918367347,0.5840220385674931,1
294,0.3573145872479078,0.3673469387755102,0.47107438016528924,4
295,0.12303311741320423,0.9387755102040817,0.790633608815427,2
296,0.5201675221663179,0.21428571428571427,0.4765840220385675,3
297,0.7691413597186064,0.6836734693877551,0.3085399449035813,1
298,0.2122319866963121,0.19387755102040816,0.3333333333333333,4
299,0.6213117962654581,0.9693877551020408,0.08539944903581267,1
300,0.08111406487102821,0.6836734693877551,0.6088154269972452,2
301,0.047282058736043096,0.9183673469387755,0.325068870523416,2
302,0.5293238912796357,0.6428571428571429,0.1046831955922865,1
303,0.5386502141336865,0.16326530612244897,0.7355371900826446,3
304,0.6359230266405446,0.11224489795918367,0.6391184573002755,3
305,0.7250223239717554,0.21428571428571427,0.046831955922865015,3
306,0.9760165430816492,0.16326530612244897,0.40771349862258954,3
307,0.5141952606309137,0.09183673469387756,0.40771349862258954,3
308,0.3198965333753766,0.6530612244897959,0.3443526170798898,2
309,0.7944584182682551,0.21428571428571427,0.8292011019283747,3
310,0.2675148899817402,0.9081632653061225,0.9889807162534435,2
311,0.43648443486060795,0.826530612244898,0.6528925619834711,2
312,0.07418894877720007,0.5,0.3691460055096419,4
313,0.020821042294191405,0.1326530612244898,0.4132231404958678,4
314,0.9627476704163929,0.6428571428571429,0.6473829201101928,1
315,0.8354538097021091,0.46938775510204084,0.6143250688705234,3
316,0.6947564592992591,0.2857142857142857,0.5564738292011019,3
317,0.40631770872716055,0.7653061224489796,0.7024793388429752,2
318,0.1694952560299963,0.35714285714285715,0.23415977961432508,4
319,0.15255472694590136,1.0,0.41046831955922863,2
320,0.24682385389690292,0.5204081632653061,0.6446280991735537,4
321,0.5472841875947481,0.7653061224489796,0.9476584022038568,1
322,0.7134701414844016,0.061224489795918366,0.05785123966942149,3
323,0.6588029417645175,0.2857142857142857,0.9559228650137741,3
324,0.27666148523340883,0.10204081632653061,0.7823691460055097,4
325,0.9549260984617283,0.32653061224489793,0.7382920110192838,3
326,0.7368862102309601,0.05102040816326531,0.7079889807162535,3
327,0.5524368976190858,0.7959183673469388,0.07713498622589532,2
328,0.610086903632861,0.3163265306122449,0.5840220385674931,3
329,0.41701740880876437,0.5102040816326531,0.7768595041322314,4
330,0.24429953987154526,0.7551020408163265,0.1349862258953168,2
331,0.3530757935734055,0.5816326530612245,0.25895316804407714,2
332,0.7569339254833675,0.8775510204081632,0.2396694214876033,1
333,0.009809673792794937,0.25510204081632654,0.1184573002754821,4
334,0.11199098034504347,0.9897959183673469,0.7630853994490359,2
335,0.04157493277633477,0.45918367346938777,0.46831955922865015,4
336,0.0362750475842505,0.9897959183673469,0.5179063360881543,2
337,0.8550304798041148,0.2857142857142857,0.9696969696969697,3
338,0.7024780592280209,0.030612244897959183,0.5041322314049587,3
339,0.47186069455416274,0.8163265306122449,0.005509641873278237,2
340,0.09366242757096338,1.0,0.5234159779614325,2
341,0.489388880217952,0.12244897959183673,0.32231404958677684,3
342,0.4711551690483322,0.3877551020408163,0.049586776859504134,4
343,0.16940234929296874,0.14285714285714285,0.06060606060606061,4
344,0.43133937878808337,0.2857142857142857,0.07988980716253444,4
345,0.3958178989731555,0.2857142857142857,0.8099173553719008,4
346,0.6142366487494708,0.7551020408163265,0.29476584022038566,1
347,0.6335752381563052,0.3163265306122449,0.7713498622589532,3
348,0.040872850247548866,0.01020408163265306,0.349862258953168,4
349,0.37180778510592943,0.46938775510204084,0.628099173553719,4
350,0.6242959010954251,0.7857142857142857,0.30303030303030304,1
351,0.5009661584753522,0.8469387755102041,0.371900826446281,2
352,0.8560648200913292,0.21428571428571427,0.9944903581267218,3
353,0.657291770240377,0.7551020408163265,0.509641873278237,1
354,0.15908419946769425,0.2653061224489796,0.3939393939393939,4
355,0.06626236081001899,0.673469387755102,0.19559228650137742,2
356,0.6409370439833708,0.8163265306122449,0.3526170798898072,1
357,0.02198734102017139,0.5612244897959183,1.0,4
358,0.5840136053659746,0.9285714285714286,0.7162534435261708,1
359,0.9402187823285933,0.9387755102040817,0.005509641873278237,1
360,0.5736613272533619,0.20408163265306123,0.2837465564738292,3
361,0.3854320510937016,0.46938775510204084,0.6143250688705234,4
362,0.6418102755848835,0.8061224489795918,0.8787878787878788,1
363,0.4558611284953975,0.5918367346938775,0.9944903581267218,1
364,0.5436564844024006,0.8469387755102041,0.9724517906336089,1
365,0.9414594467389568,0.05102040816326531,0.024793388429752067,3
366,0.38335455313645256,0.1836734693877551,0.8292011019283747,3
367,0.9612826197912546,0.5714285714285714,0.6336088154269972,1
368,0.9051669257783299,0.6938775510204082,0.6005509641873278,1
369,0.1921031739635791,0.02040816326530612,0.1790633608815427,4
370,0.06504895116540924,0.0,0.30578512396694213,4
371,0.09662080680755707,0.5816326530612245,0.03305785123966942,2
372,0.013656917515695319,0.37755102040816324,0.23415977961432508,4
373,0.09025447982886335,0.14285714285714285,0.6418732782369146,4
374,0.6817249854018389,0.336734693877551,0.24517906336088155,3
375,0.06688532332548063,0.6122448979591837,0.8622589531680441,4
376,0.3158960308594792,0.3469387755102041,0.14600550964187328,4
377,0.844392930123283,0.6428571428571429,0.030303030303030304,1
378,0.018731968173744076,0.24489795918367346,0.5730027548209367,4
379,0.813835933977357,0.23469387755102042,0.03581267217630854,3
380,0.27859184954618293,0.11224489795918367,0.3305785123966942,4
381,0.11409349997654263,0.17346938775510204,0.05234159779614325,4
382,0.6955231865354893,0.14285714285714285,0.20385674931129477,3
383,0.6273940575855478,0.8061224489795918,0.6666666666666666,1
384,0.8771506154023102,0.2653061224489796,0.6115702479338843,3
385,0.7340463814271951,0.7244897959183674,0.19008264462809918,1
386,0.802794118430144,0.6020408163265306,0.8567493112947658,1
387,0.2787725352970585,0.45918367346938777,0.5785123966942148,4
388,0.17366095142285448,0.8979591836734694,0.27548209366391185,2
389,0.7496668537278206,0.16326530612244897,0.509641873278237,3
390,0.80616449049959,0.9387755102040817,0.3608815426997245,1
391,0.9907419715249125,0.5306122448979592,0.30303030303030304,1
392,0.41000053994487506,0.07142857142857142,0.3608815426997245,4
393,0.3692004428807109,0.7959183673469388,0.05234159779614325,2
394,0.7755924703758347,0.2653061224489796,0.06336088154269973,3
395,0.33783174056756415,0.45918367346938777,0.6225895316804407,4
396,0.9306990833773396,0.5,0.4214876033057851,1
397,0.8579972272706964,0.7142857142857143,0.8044077134986226,1
398,0.4264577669775016,0.02040816326530612,0.6308539944903582,3
399,0.7499244357264823,0.9387755102040817,0.8512396694214877,1
400,0.7536143756750145,0.6428571428571429,0.9862258953168044,1
401,0.09897825961359669,0.4387755102040816,0.5537190082644629,4
402,0.9023553735509354,0.5306122448979592,0.10192837465564739,1
403,0.5030927230250176,0.23469387755102042,0.7134986225895317,3
404,0.8258841265278314,0.6020408163265306,0.5151515151515151,1
405,0.3169753055295004,0.02040816326530612,0.15426997245179064,4
406,0.895290978459541,0.19387755102040816,0.05234159779614325,3
407,0.3864688990548286,0.45918367346938777,0.7493112947658402,4
408,0.006236275715502293,0.14285714285714285,0.325068870523416,4
409,0.9051984149905309,0.24489795918367346,0.1928374655647383,3
410,0.08708260817248697,0.9489795918367347,0.008264462809917356,2
411,0.3162357074456684,0.7857142857142857,0.6060606060606061,2
412,0.9500990631095148,0.7142857142857143,0.03581267217630854,1
413,0.9506469354324623,0.16326530612244897,0.005509641873278237,3
414,0.5716149810398308,0.8469387755102041,0.5922865013774105,1
415,0.6303027171457538,0.08163265306122448,0.628099173553719,3
416,0.4460053251176459,0.37755102040816324,0.9228650137741047,4
417,0.29000392942237435,0.47959183673469385,0.509641873278237,4
418,0.32563279580369625,0.6020408163265306,0.1487603305785124,2
419,0.6711848702505943,0.6326530612244898,0.696969696969697,1
420,0.7514353223981545,0.8673469387755102,0.06336088154269973,1
421,0.7908334528777538,0.01020408163265306,0.44352617079889806,3
422,0.788862867802248,0.8877551020408163,0.4325068870523416,1
423,0.0870016365119868,0.7244897959183674,0.2231404958677686,2
424,0.4922071598152466,0.10204081632653061,0.43526170798898073,3
425,0.05318812204463755,0.6428571428571429,0.5151515151515151,2
426,0.5475878977502805,0.7755102040816326,0.162534435261708,2
427,0.43905615385486424,0.8163265306122449,0.837465564738292,2
428,0.887433317427359,0.7244897959183674,0.8760330578512396,1
429,0.347993149584165,0.20408163265306123,0.5785123966942148,4
430,0.11299026711036693,0.17346938775510204,0.41597796143250687,4
431,0.13904296480316897,0.9489795918367347,0.2975206611570248,2
432,0.7606165444137746,0.6428571428571429,0.2066115702479339,1
433,0.6166163084937095,0.826530612244898,0.07988980716253444,1
434,0.09696718377045073,0.9591836734693877,0.8622589531680441,2
435,0.07986727884972486,0.37755102040816324,0.31955922865013775,4
436,0.6997760527021073,0.3163265306122449,0.977961432506887,3
437,0.06846745638459883,0.10204081632653061,0.5261707988980716,4
438,0.8212640148660013,0.4489795918367347,0.049586776859504134,1
439,0.7050751902144252,0.8979591836734694,0.4738292011019284,1
440,0.07709563253735227,0.32653061224489793,0.6253443526170799,4
441,0.08060179649651003,0.40816326530612246,0.9614325068870524,4
442,0.9868573174768873,0.07142857142857142,0.5013774104683195,3
443,0.37146427812212945,0.10204081632653061,0.3085399449035813,4
444,0.36781770891655113,0.8673469387755102,0.5013774104683195,2
445,0.8121587765075844,0.5102040816326531,0.39944903581267216,1
446,0.9472717791805887,0.8877551020408163,0.8760330578512396,1
447,0.9862156494173351,0.40816326530612246,0.3168044077134986,1
448,0.7524439348939509,0.16326530612244897,0.3085399449035813,3
449,0.37346288977353126,0.7653061224489796,0.6887052341597796,2
450,0.07925819618818995,0.45918367346938777,0.6887052341597796,4
451,0.7763300502869028,0.3163265306122449,0.8319559228650137,3
452,0.5565070972277913,0.7959183673469388,0.859504132231405,1
453,0.42166218166613467,0.8061224489795918,0.32231404958677684,2
454,0.9061756260227642,0.5408163265306123,0.8264462809917356,1
455,0.107091745591346,0.8673469387755102,0.44077134986225897,2
456,0.490403093591184,0.9285714285714286,0.5426997245179064,2
457,0.006754817297299526,0.19387755102040816,0.7134986225895317,4
458,0.4663202799258951,0.32653061224489793,0.4049586776859504,4
459,0.05192643735000676,0.7448979591836735,0.6584022038567493,2
460,0.11474981397949391,0.3979591836734694,0.12672176308539945,4
461,0.11345176542397349,0.3163265306122449,0.5426997245179064,4
462,0.6477616061784207,0.9795918367346939,0.12672176308539945,1
463,0.7450744124900818,0.01020408163265306,0.21212121212121213,3
464,0.5815949028395913,0.9795918367346939,0.33884297520661155,2
465,0.9622694540907445,0.32653061224489793,0.20385674931129477,3
466,0.3720670239937175,0.7755102040816326,0.9862258953168044,2
467,0.2824682108497245,0.29591836734693877,0.3746556473829201,4
468,0.8682339102572983,0.32653061224489793,0.24517906336088155,3
469,0.22004519455476113,0.7755102040816326,0.8925619834710744,2
470,0.9633246305630132,0.25510204081632654,0.1652892561983471,3
471,0.00755960221422673,0.21428571428571427,0.3774104683195592,4
472,0.9700137907022879,0.6632653061224489,0.1349862258953168,1
473,0.038718163542076016,0.37755102040816324,0.7107438016528925,4
474,0.8908892319396408,0.9081632653061225,0.29201101928374656,1
475,0.5256523254392335,0.45918367346938777,0.3085399449035813,1
476,0.9932137729401284,0.14285714285714285,0.9614325068870524,3
477,0.06950611910766485,0.9897959183673469,0.696969696969697,2
478,0.5519346613443104,0.4387755102040816,0.32231404958677684,1
479,0.9694346535311542,0.4897959183673469,0.5426997245179064,1
480,0.5210263267477152,0.7551020408163265,0.9256198347107438,1
481,0.6278520999211493,0.6122448979591837,0.13774104683195593,1
482,0.6945298284469128,0.673469387755102,0.6721763085399449,1
483,0.4521309714755538,0.05102040816326531,0.09366391184573003,4
484,0.6260024520534725,0.08163265306122448,0.8292011019283747,3
485,0.5825451193618304,0.05102040816326531,0.18732782369146006,3
486,0.9009535885003892,0.7346938775510204,0.9586776859504132,1
487,0.04101592393107858,0.9591836734693877,0.8787878787878788,2
488,0.27769586116476336,0.3163265306122449,0.1322314049586777,4
489,0.9504503062669807,0.40816326530612246,0.20110192837465565,1
490,0.8900055594568691,0.7653061224489796,0.5261707988980716,1
491,0.4532521694524556,0.07142857142857142,0.7162534435261708,3
492,0.6185402981369468,0.7244897959183674,0.977961432506887,1
493,0.2740961643848086,0.5,0.19008264462809918,2
494,0.18439531980714022,0.9285714285714286,0.24517906336088155,2
495,0.4613335362694669,0.6224489795918368,0.7134986225895317,1
496,0.35044240153879286,0.8469387755102041,0.3443526170798898,2
497,0.5818836686896779,0.6224489795918368,0.6336088154269972,1
498,0.07346363997882988,0.061224489795918366,0.8099173553719008,4
499,0.9745520743738992,0.7551020408163265,0.3526170798898072,1
500,0.9864263656071148,0.8469387755102041,0.768595041322314,1
501,0.6969547704953136,0.8061224489795918,0.859504132231405,1
502,0.5340890436809701,0.030612244897959183,0.2727272727272727,3
503,0.30640135670277663,0.05102040816326531,0.8953168044077136,4
504,0.8131591451182306,0.5816326530612245,0.8154269972451791,1
505,0.6834579006911254,0.21428571428571427,0.4986225895316804,3
506,0.1587651437799265,0.25510204081632654,0.4765840220385675,4
507,0.9107710087396318,0.02040816326530612,0.8677685950413223,3
508,0.8219445428513273,0.40816326530612246,1.0,3
509,0.9498357151667456,0.6020408163265306,0.5151515151515151,1
510,0.7246486623334868,0.1326530612244898,0.15426997245179064,3
511,0.611789721577184,0.7551020408163265,0.08264462809917356,1
512,0.4156536808354114,0.826530612244898,0.22865013774104684,2
513,0.9326799759265295,0.11224489795918367,0.41597796143250687,3
514,0.8656861509881997,0.8775510204081632,0.09641873278236915,1
515,0.04078708912152823,0.11224489795918367,0.5840220385674931,4
516,0.021842292154951624,0.12244897959183673,1.0,4
517,0.3736676775192656,0.24489795918367346,0.2892561983471074,4
518,0.8099014467239278,0.4489795918367347,0.9393939393939394,3
519,0.9874970119731238,0.1836734693877551,0.6033057851239669,3
520,0.14650484413847203,0.5510204081632653,0.4462809917355372,4
521,0.5924100022754346,0.4489795918367347,0.6033057851239669,3
522,0.37811703296089955,0.07142857142857142,0.7410468319559229,3
523,0.9700495374814261,0.9387755102040817,0.3278236914600551,1
524,0.8416229295379404,0.5306122448979592,0.9228650137741047,1
525,0.8378139926655228,0.5510204081632653,0.4986225895316804,1
526,0.46635295831979495,0.3163265306122449,0.2892561983471074,4
527,0.4122132393498115,0.5102040816326531,0.5950413223140496,4
528,0.2701024267107681,0.4387755102040816,0.5619834710743802,4
529,0.051999014991006134,0.826530612244898,0.19008264462809918,2
530,0.8643380125189376,0.7040816326530612,0.1184573002754821,1
531,0.8122607193630023,0.17346938775510204,0.9035812672176309,3
532,1.0,0.8367346938775511,0.8264462809917356,1
533,0.996903948708984,0.21428571428571427,0.6253443526170799,3
534,0.5535198728292317,0.3673469387755102,0.5041322314049587,4
535,0.7681302528678385,0.9693877551020408,0.29201101928374656,1
536,0.9447766698392688,0.5612244897959183,0.22865013774104684,1
537,0.8491885773186845,0.5918367346938775,0.928374655647383,1
538,0.24391476117651378,0.02040816326530612,0.6859504132231405,4
539,0.4481143027028216,0.2755102040816326,0.9972451790633609,3
540,0.12514238559430643,0.7448979591836735,0.05509641873278237,2
541,0.954107823769252,0.3469387755102041,0.5371900826446281,3
542,0.604513401711792,0.6122448979591837,0.48760330578512395,1
543,0.22511708658996654,0.9387755102040817,0.01652892561983471,2
544,0.6703630599160263,0.5408163265306123,0.19008264462809918,1
545,0.6165260420343953,0.6326530612244898,0.34710743801652894,1
546,0.3552766487268883,0.7959183673469388,0.4380165289256198,2
547,0.10946351117032903,0.9795918367346939,0.6804407713498623,2
548,0.6702349414841897,0.061224489795918366,0.5564738292011019,3
549,0.5182224040245142,0.7653061224489796,0.4049586776859504,2
550,0.771477679849814,0.4897959183673469,0.39118457300275483,1
551,0.518077492084764,0.9489795918367347,0.5454545454545454,2
552,0.8517352019639214,0.8571428571428571,0.4214876033057851,1
553,0.5499775980238975,0.30612244897959184,0.3884297520661157,4
554,0.559053332116079,0.5816326530612245,0.859504132231405,1
555,0.8763281627134621,0.6122448979591837,0.45179063360881544,1
556,0.4008206158886443,0.23469387755102042,0.8622589531680441,3
557,0.13002217990927012,0.19387755102040816,0.05509641873278237,4
558,0.024269924203914963,0.3673469387755102,0.2231404958677686,4
559,0.754211692688649,0.030612244897959183,0.18732782369146006,3
560,0.6187181255951941,0.9285714285714286,0.3581267217630854,1
561,0.702902051593985,0.19387755102040816,0.2369146005509642,3
562,0.20936101173337882,0.6020408163265306,0.5977961432506887,4
563,0.1323900636542145,0.23469387755102042,0.837465564738292,4
564,0.009961597436838332,0.5,0.9476584022038568,4
565,0.3476640786691246,0.4897959183673469,0.9366391184573003,4
566,0.5881761672318783,0.5102040816326531,0.44077134986225897,1
567,0.3895262905112409,0.9693877551020408,0.48760330578512395,2
568,0.4349805455406447,0.35714285714285715,0.31955922865013775,4
569,0.9039690917406487,0.9897959183673469,0.5371900826446281,1
570,0.34532046957111695,0.6632653061224489,0.8980716253443526,2
571,0.5118729890347644,0.7959183673469388,0.23415977961432508,2
572,0.7828682782393062,0.336734693877551,0.7933884297520661,3
573,0.39384625756163666,0.35714285714285715,0.22038567493112948,4
574,0.6205040511322633,0.05102040816326531,0.41597796143250687,3
575,0.8619676964485162,0.3877551020408163,0.1652892561983471,1
576,0.9495550462271395,0.41836734693877553,0.1652892561983471,1
577,0.14314492213221625,0.5816326530612245,0.9724517906336089,4
578,0.9265087903700083,0.11224489795918367,0.0743801652892562,3
579,0.4898917695547284,0.02040816326530612,0.11570247933884298,3
580,0.2548648603490603,0.17346938775510204,0.4628099173553719,4
581,0.4567483543804205,0.3979591836734694,0.23415977961432508,4
582,0.9802176847841346,0.20408163265306123,0.48484848484848486,3
583,0.49039604867199776,0.14285714285714285,0.0440771349862259,3
584,0.32572029070181646,0.9795918367346939,0.26721763085399447,2
585,0.6318740815267839,1.0,0.5426997245179064,1
586,0.23667670788636044,0.25510204081632654,0.26721763085399447,4
587,0.07158308943949541,0.07142857142857142,0.1763085399449036,4
588,0.12486131105487695,0.9489795918367347,0.90633608815427,2
589,0.1240233098711187,0.8775510204081632,0.9366391184573003,2
590,0.1479979843604678,0.41836734693877553,0.011019283746556474,4
591,0.1348578884710487,0.4387755102040816,0.0027548209366391185,4
592,0.6393848827169873,0.1326530612244898,0.05785123966942149,3
593,0.17812342218420618,0.7857142857142857,0.30578512396694213,2
594,0.3427195038163552,0.01020408163265306,0.15426997245179064,4
595,0.8965624081193427,0.3673469387755102,0.1790633608815427,3
596,0.4716474578097751,0.6938775510204082,0.90633608815427,1
597,0.6661996535965227,0.37755102040816324,0.26721763085399447,3
598,0.1685159947282779,0.40816326530612246,0.3939393939393939,4
599,0.18858376236354762,0.6224489795918368,0.3415977961432507,2
600,0.03641555201969199,0.6020408163265306,0.4573002754820937,2
601,0.16511447031828602,0.1326530612244898,0.23415977961432508,4
602,0.27531129199767673,0.8979591836734694,0.2066115702479339,2
603,0.17322977295811165,0.8469387755102041,0.9449035812672176,2
604,0.0844857030434191,0.01020408163265306,0.8071625344352618,4
605,0.11657674699979681,0.7040816326530612,0.15977961432506887,2
606,0.45839948038550327,0.16326530612244897,0.3774104683195592,4
607,0.20269782339251355,0.8979591836734694,0.2699724517906336,2
608,0.3614139525996827,0.2755102040816326,0.5261707988980716,4
609,0.5012485585629121,0.6632653061224489,0.6666666666666666,1
610,0.6891495274107787,0.3469387755102041,0.8760330578512396,3
611,0.034851388748983005,0.04081632653061224,0.1322314049586777,4
612,0.7987034841468997,0.6530612244897959,0.08539944903581267,1
613,0.6263464519963391,0.3979591836734694,0.7603305785123967,3
614,0.07750790991956162,0.7653061224489796,0.05234159779614325,2
615,0.8732379980118632,0.5612244897959183,0.4214876033057851,1
616,0.9207653404186755,0.35714285714285715,0.18457300275482094,3
617,0.056724701872940604,0.4489795918367347,0.5867768595041323,4
618,0.273590142783767,0.22448979591836735,0.39118457300275483,4
619,0.8055279026098706,0.46938775510204084,0.6363636363636364,3
620,0.7473001617184105,0.30612244897959184,0.5840220385674931,3
621,0.18077739971517084,0.10204081632653061,0.21487603305785125,4
622,0.20572832124972276,0.09183673469387756,0.5867768595041323,4
623,0.36764682485701233,0.673469387755102,0.3168044077134986,2
624,0.482260961205348,0.1326530612244898,0.25068870523415976,3
625,0.616653197995658,0.8061224489795918,0.7410468319559229,1
626,0.3660806649780424,0.7448979591836735,0.46005509641873277,2
627,0.46016410044602296,0.9387755102040817,0.15702479338842976,2
628,0.7465075141210117,0.09183673469387756,0.7796143250688705,3
629,0.032209468478343724,0.7653061224489796,0.06887052341597796,2
630,0.24902873563628353,0.9489795918367347,0.1790633608815427,2
631,0.712217649485188,0.0,0.6804407713498623,3
632,0.8949730251166186,0.04081632653061224,0.696969696969697,3
633,0.5095495236692549,0.19387755102040816,0.1184573002754821,3
634,0.5300864926667153,0.07142857142857142,0.2644628099173554,3
635,0.10304639435425761,0.42857142857142855,0.11294765840220386,4
636,0.44496706760225224,0.7653061224489796,0.6225895316804407,2
637,0.530592761840193,0.0,0.71900826446281,3
638,0.23901307446533668,0.5714285714285714,0.4573002754820937,4
639,0.26591802210183096,0.6428571428571429,0.7658402203856749,2
640,0.3744925273463543,0.8469387755102041,0.24242424242424243,2
641,0.015515422987715166,0.2755102040816326,0.48760330578512395,4
642,0.31901489332979915,0.3673469387755102,0.5399449035812672,4
643,0.20783736951028262,0.46938775510204084,0.8429752066115702,4
644,0.3244598382882592,0.7653061224489796,0.7327823691460055,2
645,0.11569869265231184,0.3673469387755102,0.7355371900826446,4
646,0.8902703576166093,0.4897959183673469,0.20110192837465565,1
647,0.5918690822069619,0.4387755102040816,0.01928374655647383,1
648,0.6778012485147051,0.5612244897959183,0.8154269972451791,1
649,0.7884137565251544,0.2755102040816326,0.4490358126721763,3
650,0.49624891664827686,0.7959183673469388,0.23140495867768596,2
651,0.08269465553999295,0.05102040816326531,0.19559228650137742,4
652,0.5351042080280207,0.6122448979591837,0.1487603305785124,1
653,0.5850844043942939,0.19387755102040816,0.12672176308539945,3
654,0.7444660175434539,0.7857142857142857,0.6528925619834711,1
655,0.42913644981641796,0.01020408163265306,0.2837465564738292,4
656,0.12355547460279082,0.7346938775510204,0.5757575757575758,2
657,0.28052246830727257,0.3673469387755102,0.11294765840220386,4
658,0.3602205230199231,0.19387755102040816,0.8677685950413223,4
659,0.6444522822186886,0.25510204081632654,0.7355371900826446,3
660,0.5689422629138868,0.2857142857142857,0.721763085399449,3
661,0.35320045344218115,0.0,0.9228650137741047,4
662,0.9867323737515301,0.3469387755102041,0.7107438016528925,3
663,0.6041116120830504,0.7040816326530612,0.7768595041322314,1
664,0.23374346586707012,0.5918367346938775,0.31129476584022037,2
665,0.09763023875212676,0.6938775510204082,0.9972451790633609,2
666,0.14895915355406142,0.32653061224489793,0.10743801652892562,4
667,0.2425175212923931,0.5102040816326531,0.6033057851239669,4
668,0.1568200186695523,0.7857142857142857,0.3526170798898072,2
669,0.18283350884944444,0.11224489795918367,0.01928374655647383,4
670,0.28184824654028134,0.19387755102040816,0.27548209366391185,4
671,0.16957492276409764,0.5306122448979592,0.4820936639118457,4
672,0.8965393093241989,0.8877551020408163,0.29201101928374656,1
673,0.0759750908232374,0.42857142857142855,0.27548209366391185,4
674,0.5224468531111552,0.9897959183673469,0.7134986225895317,1
675,0.4077687220896617,0.8979591836734694,0.6749311294765841,2
676,0.9825753126149305,0.5,0.7548209366391184,3
677,0.10793732090605682,0.2857142857142857,0.08539944903581267,4
678,0.39516555778880796,0.5714285714285714,0.3746556473829201,2
679,0.9696033803701176,0.3877551020408163,0.030303030303030304,1
680,0.8651266377379878,0.9591836734693877,0.8292011019283747,1
681,0.8164523804707896,0.5612244897959183,0.04132231404958678,1
682,0.25452161225386183,0.42857142857142855,0.3526170798898072,4
683,0.16707663741148937,0.5,0.17079889807162535,4
684,0.6672904957799032,0.22448979591836735,0.2975206611570248,3
685,0.9293109250056575,0.4387755102040816,0.05509641873278237,1
686,0.5548576344690721,0.37755102040816324,0.4325068870523416,4
687,0.5697807684241932,0.8469387755102041,0.7382920110192838,1
688,0.2767069051571396,0.22448979591836735,0.44352617079889806,4
689,0.7686382674405374,0.4489795918367347,0.7134986225895317,3
690,0.1833125877167588,0.5204081632653061,0.27823691460055094,4
691,0.32062286629234027,0.8061224489795918,0.6115702479338843,2
692,0.4228826086405333,0.5,0.15977961432506887,2
693,0.5054623745579593,0.07142857142857142,0.6776859504132231,3
694,0.2389520031197372,0.8571428571428571,0.349862258953168,2
695,0.11074906135308225,0.0,0.7768595041322314,4
696,0.6089807638825709,0.07142857142857142,0.8925619834710744,3
697,0.28540109100689426,0.2857142857142857,0.06611570247933884,4
698,0.5794538372198182,0.9693877551020408,0.3581267217630854,2
699,0.15047015523461513,0.04081632653061224,0.9696969696969697,4
700,0.47886137109443977,0.8673469387755102,0.5371900826446281,2
701,0.5305647904756884,0.46938775510204084,0.7713498622589532,3
702,0.04742457476346153,0.336734693877551,0.4214876033057851,4
703,0.3336117399496181,0.6530612244897959,0.36363636363636365,2
704,0.13042360112182655,0.5510204081632653,0.6225895316804407,4
705,0.05903305655301675,0.9081632653061225,0.5179063360881543,2
706,0.990194370812779,0.42857142857142855,0.7272727272727273,3
707,0.319290929258432,0.7448979591836735,0.36639118457300274,2
708,0.8092192090421706,0.29591836734693877,0.5785123966942148,3
709,0.25124332934399063,0.826530612244898,0.162534435261708,2
710,0.680213506272377,0.16326530612244897,1.0,3
711,0.7593274374636112,0.25510204081632654,1.0,3
712,0.5939254750945658,0.07142857142857142,0.5840220385674931,3
713,0.4692502252579449,0.46938775510204084,0.5922865013774105,4
714,0.409219941044732,0.7653061224489796,0.6198347107438017,2
715,0.34593629547466764,0.9183673469387755,0.3581267217630854,2
716,0.9294648365008106,0.7244897959183674,0.2066115702479339,1
717,0.8300666224555036,0.8979591836734694,0.7851239669421488,1
718,0.9651379128924192,0.45918367346938777,0.7603305785123967,3
719,0.12025618141220948,0.6836734693877551,0.42699724517906334,2
720,0.7298220529997353,0.32653061224489793,0.6804407713498623,3
721,0.9383196647969668,0.0,0.5977961432506887,3
722,0.17747320857364754,0.1836734693877551,0.5206611570247934,4
723,0.06216976834574201,0.30612244897959184,0.4462809917355372,4
724,0.7401258636149464,0.8061224489795918,0.4931129476584022,1
725,0.5726553186794429,0.1326530612244898,0.09090909090909091,3
726,0.8413313502378524,0.5306122448979592,0.11019283746556474,1
727,0.13580776045102547,0.47959183673469385,0.8429752066115702,4
728,0.7945399359659164,0.6938775510204082,0.928374655647383,1
729,0.19796818192223764,0.9081632653061225,0.8622589531680441,2
730,0.1598092785441242,0.6224489795918368,0.20385674931129477,2
731,0.16042214545172748,0.9285714285714286,0.7658402203856749,2
732,0.8139426962871303,0.6632653061224489,0.4820936639118457,1
733,0.6638274780715723,0.6428571428571429,0.41046831955922863,1
734,0.5209937472395891,0.7040816326530612,0.7493112947658402,1
735,0.35594771266040304,0.6326530612244898,0.8925619834710744,2
736,0.8768778019878389,0.7346938775510204,0.29476584022038566,1
737,0.38972834580451754,0.32653061224489793,0.38016528925619836,4
738,0.8159774148459017,0.40816326530612246,0.9614325068870524,3
739,0.43664873012959915,0.8979591836734694,0.743801652892562,2
740,0.3741511158511539,0.47959183673469385,0.953168044077135,4
741,0.46030988642577003,0.12244897959183673,0.7933884297520661,3
742,0.29821136610259064,0.7346938775510204,0.581267217630854,2
743,0.7466466398761216,0.7755102040816326,0.7465564738292011,1
744,0.5005482361713869,0.30612244897959184,0.1790633608815427,4
745,0.22870460656108116,0.7551020408163265,0.6804407713498623,2
746,0.8993623312895427,0.6836734693877551,0.42699724517906334,1
747,0.38113221536388275,0.9897959183673469,0.12672176308539945,2
748,0.541582363243722,0.030612244897959183,0.5509641873278237,3
749,0.9062939332958898,0.1836734693877551,0.4049586776859504,3
750,0.6226659712499034,0.7040816326530612,0.33884297520661155,1
751,0.1128204568842884,0.9897959183673469,0.0,2
752,0.9398186983645952,0.826530612244898,0.6776859504132231,1
753,0.6261531657003951,0.12244897959183673,0.9421487603305785,3
754,0.33190468735936735,0.22448979591836735,0.349862258953168,4
755,0.13530498567705432,0.8367346938775511,0.5234159779614325,2
756,0.7932916790050779,0.7551020408163265,0.18181818181818182,1
757,0.6184801607276633,0.0,0.008264462809917356,3
758,0.5314407546949385,0.8877551020408163,0.8319559228650137,1
759,0.8936522798763771,0.5408163265306123,0.8071625344352618,1
760,0.7878368942393349,0.7142857142857143,0.39118457300275483,1
761,0.14776904549527692,0.8979591836734694,0.5234159779614325,2
762,0.30860664577372204,0.8571428571428571,0.05509641873278237,2
763,0.24506143440101988,0.14285714285714285,0.6225895316804407,4
764,0.7429654616754936,0.6530612244897959,0.859504132231405,1
765,0.02904313987745685,0.7653061224489796,0.31955922865013775,2
766,0.5680492545609436,0.7142857142857143,0.8292011019283747,1
767,0.7615692805153854,0.14285714285714285,0.3884297520661157,3
768,0.8764407501107108,0.20408163265306123,0.1046831955922865,3
769,0.33911626161610703,0.1836734693877551,0.9752066115702479,4
770,0.8206582834717513,0.6020408163265306,0.6914600550964187,1
771,0.10652320623919671,0.9387755102040817,0.9146005509641874,2
772,0.8459776989968141,0.8979591836734694,0.5674931129476584,1
773,0.1234633815617994,0.32653061224489793,0.5757575757575758,4
774,0.39459444264388205,0.4897959183673469,0.3140495867768595,2
775,0.7965780056728703,0.9693877551020408,0.6170798898071626,1
776,0.14600291372211732,0.3469387755102041,0.36639118457300274,4
777,0.22572868191244608,0.4387755102040816,0.6887052341597796,4
778,0.7211646004396058,0.9081632653061225,0.6005509641873278,1
779,0.718937624453805,0.10204081632653061,0.24793388429752067,3
780,0.6396591184895617,1.0,0.9724517906336089,1
781,0.6927206932061345,0.7244897959183674,0.12396694214876033,1
782,0.5407498542369265,0.7857142857142857,0.10192837465564739,2
783,0.2483876999255509,0.7448979591836735,0.3884297520661157,2
784,0.34274835578507573,0.6632653061224489,0.2727272727272727,2
785,0.1778396600802715,0.45918367346938777,0.9008264462809917,4
786,0.9082821544791836,0.08163265306122448,0.5206611570247934,3
787,0.5816180462433318,0.02040816326530612,0.09366391184573003,3
788,0.3981761707114752,0.8571428571428571,0.4022038567493113,2
789,0.4596325758593046,0.25510204081632654,0.07988980716253444,4
790,0.9473067130859734,0.7244897959183674,0.9173553719008265,1
791,0.14945384859022126,0.47959183673469385,0.22865013774104684,4
792,0.5844700994810343,0.6632653061224489,0.7713498622589532,1
793,0.5037321719372081,0.7040816326530612,0.9449035812672176,1
794,0.6098190766376381,0.2755102040816326,0.7410468319559229,3
795,0.013544724328427838,0.9387755102040817,0.4214876033057851,2
796,0.8717760985640977,0.25510204081632654,0.27823691460055094,3
797,0.9320667615060138,0.24489795918367346,0.5895316804407713,3
798,0.563269262727314,0.11224489795918367,0.41046831955922863,3
799,0.6954364186404504,0.04081632653061224,0.22589531680440772,3
800,0.9224003561030263,0.9897959183673469,0.3002754820936639,1
801,0.706076518247465,0.47959183673469385,0.7548209366391184,3
802,0.14863747645020595,0.3673469387755102,0.5509641873278237,4
803,0.5744795304810981,0.7959183673469388,0.7796143250688705,1
804,0.605056482532848,0.4387755102040816,0.4738292011019284,1
805,0.42157039263816065,0.14285714285714285,0.8980716253443526,3
806,0.7354263549203799,0.42857142857142855,0.5647382920110193,3
807,0.9343265994252586,0.47959183673469385,0.17079889807162535,1
808,0.9254846451073068,0.8775510204081632,0.19834710743801653,1
809,0.4484109968556868,0.7040816326530612,0.6887052341597796,1
810,0.10914238669347284,0.45918367346938777,0.33884297520661155,4
811,0.985050056425206,0.42857142857142855,0.3305785123966942,1
812,0.8383861863602415,0.20408163265306123,0.7548209366391184,3
813,0.12062344398666097,0.22448979591836735,0.3278236914600551,4
814,0.9207346717878576,0.8061224489795918,0.8705234159779615,1
815,0.8695375506748856,0.46938775510204084,0.4490358126721763,1
816,0.5167455022348991,0.14285714285714285,0.7851239669421488,3
817,0.5895406215277592,0.24489795918367346,0.7272727272727273,3
818,0.39631832772782194,0.35714285714285715,0.8787878787878788,4
819,0.050377186931844405,0.7551020408163265,0.44077134986225897,2
820,0.33219775458301015,0.5102040816326531,0.8457300275482094,4
821,0.8021635377493156,0.14285714285714285,0.24242424242424243,3
822,0.0,0.6836734693877551,0.3884297520661157,2
823,0.3304912985063133,0.20408163265306123,0.5564738292011019,4
824,0.39548019858893724,0.12244897959183673,0.8484848484848485,3
825,0.53539469671037,0.8673469387755102,0.6225895316804407,1
826,0.9197435347894164,0.1836734693877551,0.9173553719008265,3
827,0.3434015667542601,0.336734693877551,0.6088154269972452,4
828,0.3440117730516724,0.7857142857142857,0.11019283746556474,2
829,0.7364885875882177,0.6836734693877551,0.5371900826446281,1
830,0.44979637457195165,0.5204081632653061,0.18457300275482094,2
831,0.22105916196575118,0.2653061224489796,0.7245179063360881,4
832,0.45001904409072485,0.2857142857142857,0.0027548209366391185,4
833,0.13689776084767827,0.2755102040816326,0.9917355371900827,4
834,0.17260319596913876,0.3469387755102041,0.3415977961432507,4
835,0.49617412289604423,0.07142857142857142,0.3002754820936639,3
836,0.4163394642287665,0.15306122448979592,0.23415977961432508,4
837,0.9147090783652453,0.35714285714285715,0.3278236914600551,3
838,0.3595287260054578,0.29591836734693877,0.34710743801652894,4
839,0.5788007566087322,0.17346938775510204,0.699724517906336,3
840,0.6307319020602488,0.01020408163265306,0.5013774104683195,3
841,0.008504226325981688,0.4897959183673469,0.04132231404958678,4
842,0.6621594320304904,0.7755102040816326,0.16804407713498623,1
843,0.17426032001977865,0.030612244897959183,0.4325068870523416,4
844,0.9611617795857659,0.9081632653061225,0.7355371900826446,1
845,0.14474201764216094,0.8979591836734694,0.09366391184573003,2
846,0.4120168958384905,0.9489795918367347,0.7327823691460055,2
847,0.0811162788361027,0.7551020408163265,0.17355371900826447,2
848,0.9971425359823259,0.061224489795918366,0.1349862258953168,3
849,0.5000202617592466,0.9591836734693877,0.699724517906336,2
850,0.5936704987639065,0.7448979591836735,0.40771349862258954,1
851,0.06275284380410666,0.3877551020408163,0.8925619834710744,4
852,0.7490093412398299,0.12244897959183673,0.8347107438016529,3
853,0.20628733821345654,0.30612244897959184,0.7575757575757576,4
854,0.8978345393518088,0.7142857142857143,0.9807162534435262,1
855,0.20149784837182314,0.6326530612244898,0.47107438016528924,2
856,0.1869745560157813,0.5612244897959183,0.5509641873278237,4
857,0.03207527395703269,0.41836734693877553,0.8898071625344353,4
858,0.4697434054778606,0.6122448979591837,0.09366391184573003,2
859,0.5629757700751892,0.41836734693877553,0.5922865013774105,3
860,0.0613782506123667,0.5612244897959183,0.1763085399449036,2
861,0.7747027539511873,0.35714285714285715,0.01928374655647383,3
862,0.45087255716780916,0.8469387755102041,0.8264462809917356,2
863,0.5223251347016491,0.6836734693877551,0.9421487603305785,1
864,0.4382846077724424,0.061224489795918366,0.9118457300275482,3
865,0.39808737846701986,0.5408163265306123,0.2066115702479339,2
866,0.557749283337161,0.0,0.4765840220385675,3
867,0.15135201968142123,0.4387755102040816,0.12672176308539945,4
868,0.17817170556173526,0.4489795918367347,0.03856749311294766,4
869,0.8613867537597494,0.46938775510204084,0.9917355371900827,3
870,0.9461330679049256,0.12244897959183673,0.4022038567493113,3
871,0.3704980502641602,0.21428571428571427,0.06887052341597796,4
872,0.26742687934818754,0.20408163265306123,0.8457300275482094,4
873,0.6425251133442876,0.8673469387755102,0.2534435261707989,1
874,0.40609785497275097,0.9285714285714286,0.6363636363636364,2
875,0.020856830414417316,0.08163265306122448,0.05509641873278237,4
876,0.15226887687378426,0.25510204081632654,0.8429752066115702,4
877,0.7148532446845591,0.08163265306122448,0.10192837465564739,3
878,0.6575232179465529,0.14285714285714285,0.7575757575757576,3
879,0.0225749105039603,0.09183673469387756,0.4297520661157025,4
880,0.21841349924688094,0.8877551020408163,0.4903581267217631,2
881,0.22756108835395605,0.41836734693877553,0.3608815426997245,4
882,0.6705560676162352,0.7244897959183674,0.8539944903581267,1
883,0.015152981801612057,0.23469387755102042,0.9559228650137741,4
884,0.09996783588611416,0.8061224489795918,0.0743801652892562,2
885,0.7992116680042427,0.4897959183673469,0.7134986225895317,3
886,0.17477152745648342,0.25510204081632654,0.2066115702479339,4
887,0.6513148739145305,0.9183673469387755,0.18181818181818182,1
888,0.23470417644556313,0.3673469387755102,0.9393939393939394,4
889,0.09527759718765819,0.6836734693877551,0.5316804407713499,2
890,0.23971822719719038,0.5,0.44352617079889806,4
891,0.7211790348378798,0.23469387755102042,0.953168044077135,3
892,0.8552675288412622,0.1836734693877551,0.9917355371900827,3
893,0.8296651060426958,0.6020408163265306,0.7052341597796143,1
894,0.394490169266125,0.3877551020408163,0.19559228650137742,4
895,0.6667296562646042,0.7448979591836735,0.2369146005509642,1
896,0.2013417361154135,0.8979591836734694,0.71900826446281,2
897,0.28994057664763234,0.17346938775510204,0.5867768595041323,4
898,0.8961075815576655,0.1836734693877551,0.418732782369146,3
899,0.008411236262692738,0.35714285714285715,0.5757575757575758,4
900,0.08127592617478081,0.7448979591836735,0.1652892561983471,2
901,0.20425802752147026,0.9795918367346939,0.7355371900826446,2
902,0.022008337536593855,0.5510204081632653,0.71900826446281,4
903,0.1776765769209651,0.6938775510204082,0.5977961432506887,2
904,0.5812660827753336,0.46938775510204084,0.7768595041322314,3
905,0.4188509074268902,0.4897959183673469,0.371900826446281,2
906,0.8924253784798619,1.0,0.9944903581267218,1
907,0.8168257059117262,0.9897959183673469,0.2534435261707989,1
908,0.33885055884172105,0.32653061224489793,0.2975206611570248,4
909,0.25604972833705775,0.20408163265306123,0.6611570247933884,4
910,0.3769126658158045,0.8163265306122449,0.9752066115702479,2
911,0.5885552860143346,0.21428571428571427,0.3884297520661157,3
912,0.26473260642814395,0.47959183673469385,0.7988980716253443,4
913,0.6225764432129621,0.3673469387755102,0.650137741046832,3
914,0.40677868188745164,0.14285714285714285,0.9338842975206612,3
915,0.550118633197558,0.3469387755102041,0.8567493112947658,3
916,0.4336254934523838,0.9285714285714286,0.48484848484848486,2
917,0.2912651151740713,0.7142857142857143,0.3856749311294766,2
918,0.9484824584602638,0.3163265306122449,0.5179063360881543,3
919,0.7627220540668338,0.10204081632653061,0.1322314049586777,3
920,0.13615024266857792,0.09183673469387756,0.8292011019283747,4
921,0.8681021102544438,0.7346938775510204,0.5206611570247934,1
922,0.4851835368225017,0.7857142857142857,0.371900826446281,2
923,0.8943151814496709,0.7755102040816326,0.11570247933884298,1
924,0.7991505381649601,0.5714285714285714,0.9696969696969697,1
925,0.4226585735063514,0.24489795918367346,0.24517906336088155,4
926,0.017925376886369575,0.01020408163265306,0.8099173553719008,4
927,0.26534935591287034,0.6428571428571429,0.9366391184573003,2
928,0.5396542413251928,0.3469387755102041,0.6721763085399449,3
929,0.6319518291150438,0.061224489795918366,0.5261707988980716,3
930,0.2545063958634604,0.8571428571428571,0.8732782369146006,2
931,0.135389401937517,0.17346938775510204,0.2892561983471074,4
932,0.8343987410126856,0.673469387755102,0.9972451790633609,1
933,0.9846088700221478,0.41836734693877553,0.8512396694214877,3
934,0.5236314674527425,0.3877551020408163,0.6391184573002755,3
935,0.16787224576742707,0.40816326530612246,0.7272727272727273,4
936,0.26899725007494163,0.7551020408163265,0.9449035812672176,2
937,0.013826602301994107,0.23469387755102042,0.09917355371900827,4
938,0.9141592819658639,0.6020408163265306,0.837465564738292,1
939,0.11367771191709461,0.45918367346938777,0.11019283746556474,4
940,0.5747087724035154,0.1836734693877551,0.0440771349862259,3
941,0.2707537764275652,0.6836734693877551,0.9449035812672176,2
942,0.5522599781794802,0.9081632653061225,0.7603305785123967,1
943,0.649982607189917,0.41836734693877553,0.8429752066115702,3
944,0.8291846842220669,0.3163265306122449,0.15977961432506887,3
945,0.20278580914005795,0.3877551020408163,0.5013774104683195,4
946,0.0063952340706321924,0.35714285714285715,0.11019283746556474,4
947,0.13290675734976928,0.9795918367346939,0.1046831955922865,2
948,0.8998085929489394,0.35714285714285715,0.5261707988980716,3
949,0.8735509896178117,0.02040816326530612,0.7327823691460055,3
950,0.5957085995542161,0.7346938775510204,0.4022038567493113,1
951,0.5988276860996475,0.07142857142857142,0.9146005509641874,3
952,0.663666139045229,0.9795918367346939,0.34710743801652894,1
953,0.17158247189128042,0.7040816326530612,0.12396694214876033,2
954,0.9142729800826328,0.40816326530612246,0.12121212121212122,1
955,0.4161837745025294,0.6836734693877551,0.0,2
956,0.380375804974987,0.12244897959183673,0.46005509641873277,4
957,0.5168255437436303,0.4897959183673469,0.29476584022038566,1
958,0.0425430150243601,0.6020408163265306,0.049586776859504134,2
959,0.16244968029208584,0.01020408163265306,0.9118457300275482,4
960,0.7370235850695614,0.6020408163265306,0.19559228650137742,1
961,0.07855268026265762,0.04081632653061224,0.2975206611570248,4
962,0.6014759496254951,0.4387755102040816,0.7355371900826446,3
963,0.24190589685281347,0.2653061224489796,0.6584022038567493,4
964,0.38656329827341535,0.3163265306122449,0.8264462809917356,4
965,0.2854645865767743,0.20408163265306123,0.24517906336088155,4
966,0.3527743499878935,0.07142857142857142,0.2809917355371901,4
967,0.717942100740295,0.7244897959183674,0.6859504132231405,1
968,0.2939341880126816,0.5,0.01928374655647383,2
969,0.5645469986763035,0.673469387755102,0.418732782369146,1
970,0.4737465353471069,0.4387755102040816,0.953168044077135,3
971,0.6622938861308985,0.5816326530612245,0.4765840220385675,1
972,0.9368014864413122,0.02040816326530612,0.9421487603305785,3
973,0.7315350934863747,0.8673469387755102,0.4325068870523416,1
974,0.21134698860008064,0.7040816326530612,0.5895316804407713,2
975,0.026682237905018554,0.01020408163265306,0.48484848484848486,4
976,0.2589043679027362,0.8775510204081632,0.4793388429752066,2
977,0.5933618955600496,0.4387755102040816,0.9338842975206612,3
978,0.04702488722092281,0.01020408163265306,0.928374655647383,4
979,0.49416271258410055,0.8163265306122449,0.39944903581267216,2
980,0.5951355300367753,0.3469387755102041,0.8898071625344353,3
981,0.3312396955167676,0.9897959183673469,0.44077134986225897,2
982,0.7700645472321146,0.8775510204081632,0.34710743801652894,1
983,0.10246980257460335,0.29591836734693877,0.2231404958677686,4
984,0.07085395986894047,0.07142857142857142,0.4022038567493113,4
985,0.7271301048249396,0.21428571428571427,0.6556473829201102,3
986,0.4932834606375065,0.4387755102040816,0.22865013774104684,4
987,0.6871472553439817,0.5816326530612245,0.3085399449035813,1
988,0.4323198867126999,0.35714285714285715,0.6170798898071626,4
989,0.24296402039975432,0.6938775510204082,0.9118457300275482,2
990,0.8184926538124316,0.7755102040816326,0.6666666666666666,1
991,0.798708991270769,0.9387755102040817,0.39118457300275483,1
992,0.6934724138114061,0.30612244897959184,0.11019283746556474,3
993,0.2688342597942956,0.46938775510204084,0.7079889807162535,4
994,0.5884906929356359,0.5510204081632653,0.7823691460055097,1
995,0.35810171097795285,0.8061224489795918,0.2865013774104683,2
996,0.08737946356419826,0.6224489795918368,0.5537190082644629,4
997,0.9171889396650685,0.29591836734693877,0.8429752066115702,3
998,0.13283942731659384,0.5510204081632653,0.9090909090909091,4
999,0.9502753160480916,0.15306122448979592,0.7300275482093664,3
1000,0.44355352710440565,0.11224489795918367,0.5757575757575758,3
